Measurement	Replication	Name	Count	Mean	Min	Max	Experiment	
"""hops=2, cl=false"""	#8	endToEndDelay:vector	21361	0.5374940919324291	0.033987232658	3.895996003492	SmokeAlarm	
"""hops=2, cl=false"""	#17	endToEndDelay:vector	21387	0.5538365300033928	0.084063140304	4.225570640161	SmokeAlarm	
"""hops=2, cl=false"""	#13	endToEndDelay:vector	21364	0.4236319966742982	0.013980094253	5.076262090986	SmokeAlarm	
"""hops=2, cl=false"""	#11	endToEndDelay:vector	21363	0.4840401336492677	0.064145009099	3.331126581046	SmokeAlarm	
"""hops=2, cl=false"""	#3	endToEndDelay:vector	21337	0.6812199877127574	0.034004117887	11.115966310943	SmokeAlarm	
"""hops=2, cl=false"""	#14	endToEndDelay:vector	21403	0.5039850467062795	0.024079909659	5.007015669542	SmokeAlarm	
"""hops=2, cl=false"""	#9	endToEndDelay:vector	21373	0.552982102285827	0.043961899647	3.674654636892	SmokeAlarm	
"""hops=2, cl=false"""	#16	endToEndDelay:vector	21359	0.5160089516956818	0.034045655363	10.663091985769	SmokeAlarm	
"""hops=2, cl=false"""	#12	endToEndDelay:vector	21361	0.5619309848963376	0.013949036909	7.64235190625	SmokeAlarm	
"""hops=2, cl=false"""	#5	endToEndDelay:vector	21366	0.44375054624223925	0.013957659898	4.022610702065	SmokeAlarm	
"""hops=2, cl=false"""	#15	endToEndDelay:vector	21340	0.5067289565749251	0.043997980387	2.730632923812	SmokeAlarm	
"""hops=2, cl=false"""	#2	endToEndDelay:vector	21397	0.5886838215104129	0.043979706998	4.19516529084	SmokeAlarm	
"""hops=2, cl=false"""	#19	endToEndDelay:vector	21395	0.6056864172408397	0.024433247288	2.54367402274	SmokeAlarm	
"""hops=2, cl=false"""	#0	endToEndDelay:vector	21376	0.5344717988698228	0.084063764524	4.325081884005	SmokeAlarm	
"""hops=2, cl=false"""	#1	endToEndDelay:vector	21347	0.49694049417839936	0.043981162419	3.096405571829	SmokeAlarm	
"""hops=2, cl=false"""	#6	endToEndDelay:vector	21394	0.44558195085804325	0.033961580697	5.60145759672	SmokeAlarm	
"""hops=2, cl=false"""	#4	endToEndDelay:vector	21369	0.4836895652471234	0.054058356913	4.918923500513	SmokeAlarm	
"""hops=2, cl=false"""	#10	endToEndDelay:vector	21363	0.6266285714753429	0.073963789489	3.44626932779	SmokeAlarm	
"""hops=2, cl=false"""	#18	endToEndDelay:vector	21338	0.5784102978178193	0.02397664556	4.744780234015	SmokeAlarm	
"""hops=2, cl=false"""	#7	endToEndDelay:vector	21413	0.49554819201885425	0.023998329824	5.011993653202	SmokeAlarm	
"""hops=2, cl=true"""	#19	endToEndDelay:vector	21353	0.6042568668055507	0.053986858751	5.346719865043	SmokeAlarm	
"""hops=2, cl=true"""	#9	endToEndDelay:vector	1285	0.6996464603510427	0.049610825517	3.345926422143	HumidityMonitoring	
"""hops=2, cl=true"""	#16	endToEndDelay:vector	1285	0.8075681094797952	0.094358301266	14.00194709451	HumidityMonitoring	
"""hops=2, cl=true"""	#18	endToEndDelay:vector	1285	0.820605558407554	0.054050815999	3.535991502151	HumidityMonitoring	
"""hops=2, cl=true"""	#17	endToEndDelay:vector	1280	0.7542790424159914	0.097500035879	12.573351861397	HumidityMonitoring	
"""hops=2, cl=true"""	#7	endToEndDelay:vector	1287	0.8189983343522667	0.084217900906	12.225493483813	HumidityMonitoring	
"""hops=2, cl=true"""	#8	endToEndDelay:vector	1286	0.7466259309851648	0.105529618371	3.821287105754	HumidityMonitoring	
"""hops=2, cl=true"""	#10	endToEndDelay:vector	21345	0.6081748716687482	0.053979302996	3.755108326306	SmokeAlarm	
"""hops=2, cl=true"""	#14	endToEndDelay:vector	21394	0.5879303692746463	0.043973020091	2.664505514062	SmokeAlarm	
"""hops=2, cl=true"""	#15	endToEndDelay:vector	1276	0.7263993353236082	0.055909322006	13.70472700524	HumidityMonitoring	
"""hops=2, cl=true"""	#0	endToEndDelay:vector	1281	0.7237426591561881	0.079302229072	2.880936025612	HumidityMonitoring	
"""hops=2, cl=true"""	#8	endToEndDelay:vector	21355	0.5911109723672201	0.024010807433	3.535450704009	SmokeAlarm	
"""hops=2, cl=true"""	#6	endToEndDelay:vector	21394	0.5714421149993414	0.044069021813	4.003535398075	SmokeAlarm	
"""hops=2, cl=true"""	#3	endToEndDelay:vector	1284	0.7962766826073783	0.099276900214	14.480434291913	HumidityMonitoring	
"""hops=2, cl=true"""	#1	endToEndDelay:vector	1283	0.914887240404703	0.075827881582	2.916222667228	HumidityMonitoring	
"""hops=2, cl=true"""	#2	endToEndDelay:vector	1283	0.8601580446347116	0.084604197509	3.462038726911	HumidityMonitoring	
"""hops=2, cl=true"""	#7	endToEndDelay:vector	21337	0.5804302216793912	0.043975800188	4.305690391349	SmokeAlarm	
"""hops=2, cl=true"""	#4	endToEndDelay:vector	1287	0.7763377118551237	0.045128115409	13.181573421777	HumidityMonitoring	
"""hops=2, cl=true"""	#19	endToEndDelay:vector	1279	0.7368394093091729	0.067399644784	17.87961826678	HumidityMonitoring	
"""hops=2, cl=true"""	#15	endToEndDelay:vector	21370	0.5935320602587767	0.054483747749	3.920959499272	SmokeAlarm	
"""hops=2, cl=true"""	#4	endToEndDelay:vector	21383	0.5845238774439322	0.044426123778	3.576040806312	SmokeAlarm	
"""hops=2, cl=true"""	#13	endToEndDelay:vector	1277	0.7573514324213109	0.117080518694	4.069294010678	HumidityMonitoring	
"""hops=2, cl=true"""	#12	endToEndDelay:vector	14249	0.5648773192302385	0.034287151571	3.070436327252	SmokeAlarm	
"""hops=2, cl=true"""	#14	endToEndDelay:vector	1275	0.7290931608027215	0.08145240664	5.611482565791	HumidityMonitoring	
"""hops=2, cl=true"""	#9	endToEndDelay:vector	21410	0.5683122032146226	0.04394149332	2.416021870297	SmokeAlarm	
"""hops=2, cl=true"""	#13	endToEndDelay:vector	21379	0.5762298615628154	0.034047841	3.323582077167	SmokeAlarm	
"""hops=2, cl=true"""	#5	endToEndDelay:vector	1283	0.7127645124976796	0.074286953332	3.774773750896	HumidityMonitoring	
"""hops=2, cl=true"""	#10	endToEndDelay:vector	1283	0.7703397932296836	0.090773596801	3.859476127696	HumidityMonitoring	
"""hops=2, cl=true"""	#3	endToEndDelay:vector	21391	0.5964969212479594	0.044063413817	5.373929373322	SmokeAlarm	
"""hops=2, cl=true"""	#2	endToEndDelay:vector	21368	0.6194593448052382	0.024009156485	5.572662061407	SmokeAlarm	
"""hops=2, cl=true"""	#1	endToEndDelay:vector	21399	0.6392480287759984	0.053968279284	5.22712468173	SmokeAlarm	
"""hops=2, cl=true"""	#17	endToEndDelay:vector	21384	0.6009112789511569	0.053970532869	6.953340718142	SmokeAlarm	
"""hops=2, cl=true"""	#11	endToEndDelay:vector	1288	0.7672931128949504	0.06697498468	13.829080351042	HumidityMonitoring	
"""hops=2, cl=true"""	#5	endToEndDelay:vector	21327	0.5528968386508135	0.024050083318	4.952327433116	SmokeAlarm	
"""hops=2, cl=true"""	#12	endToEndDelay:vector	1284	0.8731101952928613	0.035885932031	4.866757365392	HumidityMonitoring	
"""hops=2, cl=true"""	#6	endToEndDelay:vector	1284	0.7187774517942997	0.075743450022	3.91619290694	HumidityMonitoring	
"""hops=2, cl=true"""	#18	endToEndDelay:vector	21370	0.5697275786251572	0.024021024827	6.435361441836	SmokeAlarm	
"""hops=2, cl=true"""	#16	endToEndDelay:vector	21321	0.6344765757270663	0.034384099682	7.495921203219	SmokeAlarm	
"""hops=2, cl=true"""	#11	endToEndDelay:vector	21415	0.5822542276884399	0.053936915366	2.929319822974	SmokeAlarm	
"""hops=2, cl=true"""	#0	endToEndDelay:vector	21380	0.5752663448464737	0.054012879812	4.910714597942	SmokeAlarm	
"""hops=3, cl=false"""	#15	endToEndDelay:vector	21397	0.8599344753792143	0.163979937757	6.374480375897	SmokeAlarm	
"""hops=3, cl=false"""	#3	endToEndDelay:vector	21399	0.8816489854436781	0.133958860782	4.651810885759	SmokeAlarm	
"""hops=3, cl=false"""	#7	endToEndDelay:vector	21405	1.0091174972064059	0.224148618117	5.248835824167	SmokeAlarm	
"""hops=3, cl=false"""	#5	endToEndDelay:vector	21383	0.7717317894707459	0.103994502901	17.144480357122	SmokeAlarm	
"""hops=3, cl=false"""	#12	endToEndDelay:vector	21395	0.7764909692647305	0.23413411695	4.182612313284	SmokeAlarm	
"""hops=3, cl=false"""	#13	endToEndDelay:vector	21409	0.7172978000834239	0.113947852095	4.591466045697	SmokeAlarm	
"""hops=3, cl=false"""	#4	endToEndDelay:vector	21365	0.7256382475873691	0.164082941664	3.897056928192	SmokeAlarm	
"""hops=3, cl=false"""	#18	endToEndDelay:vector	21382	0.7462146585717147	0.264062787596	4.049289319774	SmokeAlarm	
"""hops=3, cl=false"""	#1	endToEndDelay:vector	21343	0.9338220308179893	0.284015821136	10.777342561242	SmokeAlarm	
"""hops=3, cl=false"""	#9	endToEndDelay:vector	21404	0.9645014157208166	0.303954627193	6.325541748374	SmokeAlarm	
"""hops=3, cl=false"""	#11	endToEndDelay:vector	21359	0.7456365514481005	0.134016544744	5.827348949046	SmokeAlarm	
"""hops=3, cl=false"""	#17	endToEndDelay:vector	21329	0.7902206061287494	0.113948862989	6.353686165563	SmokeAlarm	
"""hops=3, cl=false"""	#8	endToEndDelay:vector	21375	1.0227253956424276	0.294010648767	4.492550781294	SmokeAlarm	
"""hops=3, cl=false"""	#2	endToEndDelay:vector	21369	0.6656493413355694	0.074195805479	3.767780435169	SmokeAlarm	
"""hops=3, cl=false"""	#16	endToEndDelay:vector	21394	0.7358431727760868	0.104005873732	5.254113289087	SmokeAlarm	
"""hops=3, cl=false"""	#6	endToEndDelay:vector	21377	0.657988331762257	0.203985851935	5.203890225141	SmokeAlarm	
"""hops=3, cl=false"""	#0	endToEndDelay:vector	21396	0.5969739930186407	0.024104255049	3.552882042989	SmokeAlarm	
"""hops=3, cl=false"""	#19	endToEndDelay:vector	21392	0.8140644797130978	0.283958958002	8.693335154529	SmokeAlarm	
"""hops=3, cl=false"""	#10	endToEndDelay:vector	21349	0.7406663750087865	0.27415167219	3.935018945923	SmokeAlarm	
"""hops=3, cl=false"""	#14	endToEndDelay:vector	21314	0.7744626947136816	0.284130290675	3.571445758118	SmokeAlarm	
"""hops=3, cl=true"""	#0	endToEndDelay:vector	1291	0.8429553368839263	0.174801903259	4.16370714925	HumidityMonitoring	
"""hops=3, cl=true"""	#3	endToEndDelay:vector	21387	0.872743152353966	0.133946413485	5.638672251503	SmokeAlarm	
"""hops=3, cl=true"""	#9	endToEndDelay:vector	21338	0.7113592310189433	0.124229921173	3.610655880869	SmokeAlarm	
"""hops=3, cl=true"""	#16	endToEndDelay:vector	21408	0.7048517852070797	0.144170504774	4.910165631332	SmokeAlarm	
"""hops=3, cl=true"""	#6	endToEndDelay:vector	1284	0.8519412048816651	0.136863256706	5.155381987462	HumidityMonitoring	
"""hops=3, cl=true"""	#1	endToEndDelay:vector	21441	0.6765236503369358	0.134001057298	2.867089256969	SmokeAlarm	
"""hops=3, cl=true"""	#13	endToEndDelay:vector	1288	1.0077603518477976	0.155203581364	5.19254925858	HumidityMonitoring	
"""hops=3, cl=true"""	#8	endToEndDelay:vector	21373	0.678113626462307	0.134283326712	5.263615681378	SmokeAlarm	
"""hops=3, cl=true"""	#1	endToEndDelay:vector	1278	0.8729431573262347	0.187504336036	4.751991067576	HumidityMonitoring	
"""hops=3, cl=true"""	#5	endToEndDelay:vector	21433	0.685219434836105	0.134159042629	6.077338075624	SmokeAlarm	
"""hops=3, cl=true"""	#7	endToEndDelay:vector	21390	0.6894076194618981	0.153953611931	5.730413717792	SmokeAlarm	
"""hops=3, cl=true"""	#7	endToEndDelay:vector	1286	1.1115049905157357	0.155475258212	13.94816506734	HumidityMonitoring	
"""hops=3, cl=true"""	#4	endToEndDelay:vector	21417	0.6880664681263039	0.13413590877	3.760857942119	SmokeAlarm	
"""hops=3, cl=true"""	#2	endToEndDelay:vector	1288	0.9116996128405821	0.126599913182	14.819649408175	HumidityMonitoring	
"""hops=3, cl=true"""	#15	endToEndDelay:vector	21393	0.7051131478999542	0.164002355426	4.98603218285	SmokeAlarm	
"""hops=3, cl=true"""	#14	endToEndDelay:vector	1282	0.8956862530764423	0.156230291478	4.263239458831	HumidityMonitoring	
"""hops=3, cl=true"""	#12	endToEndDelay:vector	20488	1.8468489452343673	0.134214456974	60.318089072471	SmokeAlarm	
"""hops=3, cl=true"""	#4	endToEndDelay:vector	1277	1.0136352299950697	0.200176074945	4.410808858006	HumidityMonitoring	
"""hops=3, cl=true"""	#15	endToEndDelay:vector	1286	0.8254770069813103	0.151151199376	3.968884939428	HumidityMonitoring	
"""hops=3, cl=true"""	#12	endToEndDelay:vector	1282	0.820917716117911	0.125392616004	4.087902784274	HumidityMonitoring	
"""hops=3, cl=true"""	#16	endToEndDelay:vector	1284	1.170537980754009	0.157069741901	5.265817443334	HumidityMonitoring	
"""hops=3, cl=true"""	#10	endToEndDelay:vector	14236	0.6907241698328934	0.164022452781	3.061769207711	SmokeAlarm	
"""hops=3, cl=true"""	#6	endToEndDelay:vector	21398	0.6848155463032479	0.12456078205	3.750813858146	SmokeAlarm	
"""hops=3, cl=true"""	#18	endToEndDelay:vector	21342	0.8042866227820151	0.154050148722	3.504554456153	SmokeAlarm	
"""hops=3, cl=true"""	#9	endToEndDelay:vector	1291	0.9155331021568349	0.156407470653	11.289663584985	HumidityMonitoring	
"""hops=3, cl=true"""	#8	endToEndDelay:vector	1280	0.8271146572372006	0.154075802299	3.990015886273	HumidityMonitoring	
"""hops=3, cl=true"""	#2	endToEndDelay:vector	21410	0.690948031616498	0.144025195227	2.179429882725	SmokeAlarm	
"""hops=3, cl=true"""	#17	endToEndDelay:vector	21410	0.7769039318656654	0.143957276611	18.261904456504	SmokeAlarm	
"""hops=3, cl=true"""	#13	endToEndDelay:vector	21363	0.703764921478528	0.143939986407	4.561286608742	SmokeAlarm	
"""hops=3, cl=true"""	#14	endToEndDelay:vector	21361	0.7039068578954277	0.126045147228	4.927890926429	SmokeAlarm	
"""hops=3, cl=true"""	#0	endToEndDelay:vector	21346	0.7880985182006943	0.164097474908	10.340002980726	SmokeAlarm	
"""hops=3, cl=true"""	#19	endToEndDelay:vector	1286	0.8539857048413898	0.176850060824	3.934229503457	HumidityMonitoring	
"""hops=3, cl=true"""	#18	endToEndDelay:vector	1281	0.8273044119685558	0.132648552466	4.061315453409	HumidityMonitoring	
"""hops=3, cl=true"""	#11	endToEndDelay:vector	1286	0.8413853213122964	0.164721819664	4.949950907262	HumidityMonitoring	
"""hops=3, cl=true"""	#19	endToEndDelay:vector	21385	0.6743037638170836	0.124330116643	4.273251025655	SmokeAlarm	
"""hops=3, cl=true"""	#11	endToEndDelay:vector	21354	0.711874638460133	0.134806323472	5.444083196842	SmokeAlarm	
"""hops=3, cl=true"""	#10	endToEndDelay:vector	1291	0.8317142591503617	0.157382331878	8.360390787588	HumidityMonitoring	
"""hops=3, cl=true"""	#17	endToEndDelay:vector	1285	0.8236054156665558	0.1387724841	4.61026052333	HumidityMonitoring	
"""hops=3, cl=true"""	#3	endToEndDelay:vector	858	0.8587425023614544	0.170924407954	5.71439122148	HumidityMonitoring	
"""hops=3, cl=true"""	#5	endToEndDelay:vector	1284	0.8792264343826238	0.144179494591	14.137639176205	HumidityMonitoring	
"""hops=4, cl=false"""	#13	endToEndDelay:vector	21387	0.9280028275669797	0.114004138061	11.989792821599	SmokeAlarm	
"""hops=4, cl=false"""	#11	endToEndDelay:vector	21293	0.9336114422392267	0.253990652803	4.608820217483	SmokeAlarm	
"""hops=4, cl=false"""	#4	endToEndDelay:vector	21359	1.1994528844085703	0.433985888301	7.224730547783	SmokeAlarm	
"""hops=4, cl=false"""	#12	endToEndDelay:vector	21380	1.10286826486552	0.404060345349	6.217090680812	SmokeAlarm	
"""hops=4, cl=false"""	#5	endToEndDelay:vector	21346	0.9263311768060896	0.083946518125	9.413250404996	SmokeAlarm	
"""hops=4, cl=false"""	#2	endToEndDelay:vector	21317	0.9146645454317508	0.113957172703	4.176371069375	SmokeAlarm	
"""hops=4, cl=false"""	#8	endToEndDelay:vector	21395	1.222140290570487	0.54429096581	5.40804372721	SmokeAlarm	
"""hops=4, cl=false"""	#1	endToEndDelay:vector	21351	0.7978045497331213	0.09394765029	5.115548135385	SmokeAlarm	
"""hops=4, cl=false"""	#7	endToEndDelay:vector	21410	1.399223326156846	0.543966682636	4.238971902664	SmokeAlarm	
"""hops=4, cl=false"""	#3	endToEndDelay:vector	21388	1.5300848859201028	0.544107440571	5.111201766028	SmokeAlarm	
"""hops=4, cl=false"""	#15	endToEndDelay:vector	21374	1.0302373682321924	0.424059846135	6.175805087319	SmokeAlarm	
"""hops=4, cl=false"""	#6	endToEndDelay:vector	21377	1.4309015414964634	0.554255265772	4.703048389123	SmokeAlarm	
"""hops=4, cl=false"""	#18	endToEndDelay:vector	21344	1.2967685504628879	0.423948469273	4.004975458446	SmokeAlarm	
"""hops=4, cl=false"""	#10	endToEndDelay:vector	21391	0.9689732482293473	0.354049245934	5.007495583976	SmokeAlarm	
"""hops=4, cl=false"""	#19	endToEndDelay:vector	21336	1.295391811617455	0.334022915767	4.737679747098	SmokeAlarm	
"""hops=4, cl=false"""	#0	endToEndDelay:vector	21388	1.058788615312851	0.423987317962	4.954821888122	SmokeAlarm	
"""hops=4, cl=false"""	#9	endToEndDelay:vector	21383	1.1377641979647586	0.264002010286	5.079064883279	SmokeAlarm	
"""hops=4, cl=false"""	#14	endToEndDelay:vector	21329	1.0604668560078638	0.173941182491	5.788113967111	SmokeAlarm	
"""hops=4, cl=false"""	#17	endToEndDelay:vector	21411	0.8496219895586125	0.214269915489	5.371835132481	SmokeAlarm	
"""hops=4, cl=false"""	#16	endToEndDelay:vector	21392	0.9239822347534334	0.16398202879	5.186330930296	SmokeAlarm	
"""hops=4, cl=true"""	#1	endToEndDelay:vector	1283	1.0222389696000274	0.272917015398	4.447795091755	HumidityMonitoring	
"""hops=4, cl=true"""	#2	endToEndDelay:vector	857	0.9635467020683781	0.270540887019	6.37136226823	HumidityMonitoring	
"""hops=4, cl=true"""	#5	endToEndDelay:vector	1282	1.0042749853535125	0.334416404498	6.039719804355	HumidityMonitoring	
"""hops=4, cl=true"""	#4	endToEndDelay:vector	1282	1.024459588236057	0.289635798281	7.1322274917	HumidityMonitoring	
"""hops=4, cl=true"""	#1	endToEndDelay:vector	21381	0.7709596563476447	0.233964758601	4.051835926106	SmokeAlarm	
"""hops=4, cl=true"""	#15	endToEndDelay:vector	21352	0.8203515649305867	0.223951213216	4.875932168119	SmokeAlarm	
"""hops=4, cl=true"""	#4	endToEndDelay:vector	21379	1.0107224700506328	0.233993731283	20.581289505491	SmokeAlarm	
"""hops=4, cl=true"""	#17	endToEndDelay:vector	21387	0.8451067285391322	0.283986489788	4.280486585104	SmokeAlarm	
"""hops=4, cl=true"""	#9	endToEndDelay:vector	21360	0.7963310612090431	0.243956295218	4.29789753692	SmokeAlarm	
"""hops=4, cl=true"""	#16	endToEndDelay:vector	21372	0.8128775512892659	0.223982672747	3.707012343422	SmokeAlarm	
"""hops=4, cl=true"""	#14	endToEndDelay:vector	21327	0.7974794668251539	0.24409567164	3.896423807674	SmokeAlarm	
"""hops=4, cl=true"""	#13	endToEndDelay:vector	21338	0.7968231183900549	0.23394073286	5.883826766691	SmokeAlarm	
"""hops=4, cl=true"""	#5	endToEndDelay:vector	14267	0.7719357057825578	0.224251453355	6.146656184193	SmokeAlarm	
"""hops=4, cl=true"""	#19	endToEndDelay:vector	21370	0.7929753573560704	0.254094739715	4.527849986308	SmokeAlarm	
"""hops=4, cl=true"""	#18	endToEndDelay:vector	21364	0.9428695136547315	0.263940569014	3.638079942257	SmokeAlarm	
"""hops=4, cl=true"""	#8	endToEndDelay:vector	21408	0.8570823177790461	0.30415136123	4.188046936917	SmokeAlarm	
"""hops=4, cl=true"""	#0	endToEndDelay:vector	14227	0.7670076162319394	0.23404017304	4.717041751891	SmokeAlarm	
"""hops=4, cl=true"""	#12	endToEndDelay:vector	21392	0.8408425059478193	0.224249722558	6.147241695744	SmokeAlarm	
"""hops=4, cl=true"""	#10	endToEndDelay:vector	1288	0.9653453434221242	0.24213492078	3.821007847484	HumidityMonitoring	
"""hops=4, cl=true"""	#7	endToEndDelay:vector	21360	0.9697093386721795	0.253956593994	20.498379529746	SmokeAlarm	
"""hops=4, cl=true"""	#15	endToEndDelay:vector	1280	0.9664769287841972	0.228574380083	5.38904061358	HumidityMonitoring	
"""hops=4, cl=true"""	#6	endToEndDelay:vector	1282	0.9811956848205452	0.261653064918	3.905736518613	HumidityMonitoring	
"""hops=4, cl=true"""	#14	endToEndDelay:vector	1287	1.1860162673385002	0.251475124127	4.51964709661	HumidityMonitoring	
"""hops=4, cl=true"""	#10	endToEndDelay:vector	21387	0.8067114977248927	0.263957168079	5.607640980332	SmokeAlarm	
"""hops=4, cl=true"""	#7	endToEndDelay:vector	854	0.9815414578257284	0.319880839471	3.843470079535	HumidityMonitoring	
"""hops=4, cl=true"""	#8	endToEndDelay:vector	1274	1.2987070286259335	0.253993180305	13.002466393284	HumidityMonitoring	
"""hops=4, cl=true"""	#3	endToEndDelay:vector	21411	0.7760409948252412	0.223955367991	4.330060238537	SmokeAlarm	
"""hops=4, cl=true"""	#6	endToEndDelay:vector	21368	0.8014644598118306	0.234304544781	3.582848080593	SmokeAlarm	
"""hops=4, cl=true"""	#13	endToEndDelay:vector	1289	0.9603513438257508	0.247667497038	14.934861535463	HumidityMonitoring	
"""hops=4, cl=true"""	#17	endToEndDelay:vector	1289	1.003140757313768	0.274579943064	5.375426087334	HumidityMonitoring	
"""hops=4, cl=true"""	#2	endToEndDelay:vector	21391	0.798783186027042	0.254576935302	3.481054913529	SmokeAlarm	
"""hops=4, cl=true"""	#18	endToEndDelay:vector	1277	0.9130007144244946	0.281923090872	4.755327992456	HumidityMonitoring	
"""hops=4, cl=true"""	#19	endToEndDelay:vector	1281	0.9718562847854129	0.284465302951	5.904142320019	HumidityMonitoring	
"""hops=4, cl=true"""	#16	endToEndDelay:vector	1277	0.9712305220912716	0.294421733279	5.180180952323	HumidityMonitoring	
"""hops=4, cl=true"""	#0	endToEndDelay:vector	1284	0.948735838367486	0.278317827388	5.059838676022	HumidityMonitoring	
"""hops=4, cl=true"""	#11	endToEndDelay:vector	1276	1.0369037951376294	0.284393348278	5.040890602985	HumidityMonitoring	
"""hops=4, cl=true"""	#12	endToEndDelay:vector	854	1.0859744189343477	0.246799426704	12.864539999954	HumidityMonitoring	
"""hops=4, cl=true"""	#3	endToEndDelay:vector	1284	0.9580584733763808	0.236012144209	10.717433819207	HumidityMonitoring	
"""hops=4, cl=true"""	#9	endToEndDelay:vector	1292	0.9976148597338784	0.310053534977	15.126209826873	HumidityMonitoring	
"""hops=4, cl=true"""	#11	endToEndDelay:vector	21389	0.7754201233303181	0.224137053734	3.620248349511	SmokeAlarm	
"""hops=5, cl=false"""	#13	endToEndDelay:vector	21393	1.1392396211137195	0.36400765626	7.605087312679	SmokeAlarm	
"""hops=5, cl=false"""	#6	endToEndDelay:vector	21347	1.3190229922789667	0.663948103382	12.215981764974	SmokeAlarm	
"""hops=5, cl=false"""	#9	endToEndDelay:vector	21393	1.0646582456073226	0.253999176859	5.679240901517	SmokeAlarm	
"""hops=5, cl=false"""	#15	endToEndDelay:vector	21350	1.5739170623886538	0.774168378548	7.559914568055	SmokeAlarm	
"""hops=5, cl=false"""	#12	endToEndDelay:vector	21314	2.023671534142861	0.914037993661	6.515149654976	SmokeAlarm	
"""hops=5, cl=false"""	#3	endToEndDelay:vector	21369	1.3862215676014527	0.604000349323	8.161349886178	SmokeAlarm	
"""hops=5, cl=false"""	#16	endToEndDelay:vector	21439	1.3683830415940326	0.53594994916	5.651694532288	SmokeAlarm	
"""hops=5, cl=false"""	#14	endToEndDelay:vector	21351	1.3675095102613248	0.534042196161	5.006810349158	SmokeAlarm	
"""hops=5, cl=false"""	#2	endToEndDelay:vector	21360	1.3986210438485391	0.784032823055	6.324567405524	SmokeAlarm	
"""hops=5, cl=false"""	#11	endToEndDelay:vector	21403	1.3285805315394315	0.634126357085	6.715569941324	SmokeAlarm	
"""hops=5, cl=false"""	#10	endToEndDelay:vector	21362	1.1984159048237604	0.383939330734	9.815316193392	SmokeAlarm	
"""hops=5, cl=false"""	#7	endToEndDelay:vector	21428	1.4365760213975332	0.84409208237	4.735886943973	SmokeAlarm	
"""hops=5, cl=false"""	#8	endToEndDelay:vector	21381	1.7621077662230396	1.004382768497	5.186618377352	SmokeAlarm	
"""hops=5, cl=false"""	#19	endToEndDelay:vector	21388	1.428566304285503	0.333938975525	4.885087119936	SmokeAlarm	
"""hops=5, cl=false"""	#18	endToEndDelay:vector	21363	1.2123510977949508	0.514056886598	6.026941889663	SmokeAlarm	
"""hops=5, cl=false"""	#1	endToEndDelay:vector	21401	1.5169065313801104	0.563979959213	4.761048298614	SmokeAlarm	
"""hops=5, cl=false"""	#0	endToEndDelay:vector	21358	1.4215972608627685	0.404230963822	6.391189268452	SmokeAlarm	
"""hops=5, cl=false"""	#5	endToEndDelay:vector	21401	1.8335984969327963	0.464407760953	5.53506841648	SmokeAlarm	
"""hops=5, cl=false"""	#4	endToEndDelay:vector	21337	1.2690136683069067	0.614104966694	7.99755142844	SmokeAlarm	
"""hops=5, cl=false"""	#17	endToEndDelay:vector	21375	1.6347591306346683	0.904052934989	7.699547087407	SmokeAlarm	
"""hops=5, cl=true"""	#19	endToEndDelay:vector	21401	1.129448922944845	0.244096180194	7.554689988309	SmokeAlarm	
"""hops=5, cl=true"""	#16	endToEndDelay:vector	1281	1.1318419108826354	0.351115634733	4.774113285328	HumidityMonitoring	
"""hops=5, cl=true"""	#14	endToEndDelay:vector	21380	0.9663829920798664	0.383942929865	4.769323448261	SmokeAlarm	
"""hops=5, cl=true"""	#13	endToEndDelay:vector	21446	0.8876810766512812	0.334075350847	6.315943401425	SmokeAlarm	
"""hops=5, cl=true"""	#19	endToEndDelay:vector	1285	1.159333516758392	0.375089596524	5.966119424791	HumidityMonitoring	
"""hops=5, cl=true"""	#10	endToEndDelay:vector	1277	1.036011361143351	0.334161811076	4.457526305318	HumidityMonitoring	
"""hops=5, cl=true"""	#9	endToEndDelay:vector	1287	1.1111980235101608	0.368862319236	4.420481450206	HumidityMonitoring	
"""hops=5, cl=true"""	#15	endToEndDelay:vector	21396	0.915596622225517	0.334304330565	5.49861014092	SmokeAlarm	
"""hops=5, cl=true"""	#18	endToEndDelay:vector	14268	0.8811242915459426	0.364111501881	4.425659532362	SmokeAlarm	
"""hops=5, cl=true"""	#6	endToEndDelay:vector	21348	0.8625104050031039	0.33394083147	5.244167053887	SmokeAlarm	
"""hops=5, cl=true"""	#17	endToEndDelay:vector	1279	1.1306728118509415	0.406000213003	12.75034253176	HumidityMonitoring	
"""hops=5, cl=true"""	#17	endToEndDelay:vector	21432	0.8981014751506231	0.323983329607	4.219279936134	SmokeAlarm	
"""hops=5, cl=true"""	#11	endToEndDelay:vector	14255	1.374480392783518	0.414174347004	5.523068029321	SmokeAlarm	
"""hops=5, cl=true"""	#16	endToEndDelay:vector	21431	0.9010129085734077	0.354096305346	4.660381912865	SmokeAlarm	
"""hops=5, cl=true"""	#6	endToEndDelay:vector	1282	1.0898589875035882	0.326199129947	13.363025533944	HumidityMonitoring	
"""hops=5, cl=true"""	#11	endToEndDelay:vector	1284	1.1312299241423125	0.371127210717	4.425323860731	HumidityMonitoring	
"""hops=5, cl=true"""	#10	endToEndDelay:vector	21364	1.210870735965367	0.364055341841	6.866092607687	SmokeAlarm	
"""hops=5, cl=true"""	#0	endToEndDelay:vector	21354	0.9666050881560581	0.324108987899	7.095537189729	SmokeAlarm	
"""hops=5, cl=true"""	#12	endToEndDelay:vector	1283	1.126483909533329	0.38587407201	4.495631895639	HumidityMonitoring	
"""hops=5, cl=true"""	#5	endToEndDelay:vector	21367	0.9166298448356883	0.334002931133	8.540692070383	SmokeAlarm	
"""hops=5, cl=true"""	#5	endToEndDelay:vector	1282	1.179511403691697	0.339650013531	4.823692346337	HumidityMonitoring	
"""hops=5, cl=true"""	#7	endToEndDelay:vector	1288	1.1243577845421233	0.375793025024	5.819258874185	HumidityMonitoring	
"""hops=5, cl=true"""	#8	endToEndDelay:vector	856	1.1301391241560421	0.393998302766	4.424127901978	HumidityMonitoring	
"""hops=5, cl=true"""	#3	endToEndDelay:vector	1282	1.241874306359272	0.35404660117	5.556082328754	HumidityMonitoring	
"""hops=5, cl=true"""	#2	endToEndDelay:vector	21389	0.8755306021628897	0.324081844151	4.534838883742	SmokeAlarm	
"""hops=5, cl=true"""	#12	endToEndDelay:vector	21340	0.9155077744570089	0.364151279951	4.68646452734	SmokeAlarm	
"""hops=5, cl=true"""	#15	endToEndDelay:vector	1280	1.1428253720554185	0.350987435254	4.786351185488	HumidityMonitoring	
"""hops=5, cl=true"""	#13	endToEndDelay:vector	855	1.0656302523872363	0.357883958041	4.65005625779	HumidityMonitoring	
"""hops=5, cl=true"""	#7	endToEndDelay:vector	21381	0.904949891045336	0.363965864223	3.822173757735	SmokeAlarm	
"""hops=5, cl=true"""	#3	endToEndDelay:vector	21390	1.2200400006770622	0.374445855727	6.238091094936	SmokeAlarm	
"""hops=5, cl=true"""	#1	endToEndDelay:vector	21378	0.975938509590261	0.323965735339	6.33651862838	SmokeAlarm	
"""hops=5, cl=true"""	#2	endToEndDelay:vector	1280	1.124503950117958	0.325256615556	4.796095782632	HumidityMonitoring	
"""hops=5, cl=true"""	#1	endToEndDelay:vector	1284	1.5293021119726338	0.369318036372	5.829684394929	HumidityMonitoring	
"""hops=5, cl=true"""	#14	endToEndDelay:vector	1292	1.1084655617804249	0.388478323776	6.626085889637	HumidityMonitoring	
"""hops=5, cl=true"""	#18	endToEndDelay:vector	1288	1.1531715797061632	0.388784578065	5.181497218402	HumidityMonitoring	
"""hops=5, cl=true"""	#9	endToEndDelay:vector	21345	1.022869017632276	0.37394366084	7.620872665438	SmokeAlarm	
"""hops=5, cl=true"""	#4	endToEndDelay:vector	21436	0.8699630722112276	0.333955987789	11.278898897194	SmokeAlarm	
"""hops=5, cl=true"""	#4	endToEndDelay:vector	1281	1.1526944562279549	0.364807380298	6.772972380779	HumidityMonitoring	
"""hops=5, cl=true"""	#0	endToEndDelay:vector	1282	1.092759147422082	0.365144378537	12.623582877535	HumidityMonitoring	
"""hops=5, cl=true"""	#8	endToEndDelay:vector	21372	0.862289638704172	0.324062026525	4.638454537863	SmokeAlarm	
"""hops=6, cl=false"""	#1	endToEndDelay:vector	21416	1.7354380530219924	0.56407379743	9.339867714389	SmokeAlarm	
"""hops=6, cl=false"""	#16	endToEndDelay:vector	21430	1.435125498213507	0.633941042186	5.568775824132	SmokeAlarm	
"""hops=6, cl=false"""	#15	endToEndDelay:vector	21399	1.4538474749012202	0.674011224387	6.88427978159	SmokeAlarm	
"""hops=6, cl=false"""	#18	endToEndDelay:vector	21397	1.8767061014582722	0.894129900914	7.531689687424	SmokeAlarm	
"""hops=6, cl=false"""	#10	endToEndDelay:vector	21359	1.6373058623736942	0.984529209752	6.016249879821	SmokeAlarm	
"""hops=6, cl=false"""	#5	endToEndDelay:vector	21372	1.7721883832401715	0.644435410323	7.578908585375	SmokeAlarm	
"""hops=6, cl=false"""	#6	endToEndDelay:vector	21354	1.2842227553475247	0.553943590466	7.357144819746	SmokeAlarm	
"""hops=6, cl=false"""	#19	endToEndDelay:vector	21382	1.9316320318038795	0.78395912947	7.533625909878	SmokeAlarm	
"""hops=6, cl=false"""	#9	endToEndDelay:vector	21414	1.699627913093539	0.664177437883	6.665041378819	SmokeAlarm	
"""hops=6, cl=false"""	#0	endToEndDelay:vector	21345	1.78285241995218	0.684251439234	8.024397436843	SmokeAlarm	
"""hops=6, cl=false"""	#11	endToEndDelay:vector	21363	1.3973266711575008	0.594018284764	6.562293244633	SmokeAlarm	
"""hops=6, cl=false"""	#8	endToEndDelay:vector	21363	1.5093438515943869	0.744162413422	6.86866288291	SmokeAlarm	
"""hops=6, cl=false"""	#17	endToEndDelay:vector	21446	1.935174153097068	1.073990666583	6.012107173531	SmokeAlarm	
"""hops=6, cl=false"""	#14	endToEndDelay:vector	21363	1.7263982421726174	0.854001535795	8.150337605596	SmokeAlarm	
"""hops=6, cl=false"""	#13	endToEndDelay:vector	21404	1.4926236694408996	0.79412473287	6.268196940066	SmokeAlarm	
"""hops=6, cl=false"""	#12	endToEndDelay:vector	21380	1.3593088395397703	0.554032694955	5.147759177649	SmokeAlarm	
"""hops=6, cl=false"""	#2	endToEndDelay:vector	21375	1.8110893375976327	1.194065563336	7.219631225056	SmokeAlarm	
"""hops=6, cl=false"""	#3	endToEndDelay:vector	21356	1.7511409310258992	1.04406547418	6.394056709751	SmokeAlarm	
"""hops=6, cl=false"""	#4	endToEndDelay:vector	21353	1.5183483979890713	0.924126856942	9.432591293155	SmokeAlarm	
"""hops=6, cl=false"""	#7	endToEndDelay:vector	21369	1.3039516127300201	0.724062228826	6.350490507065	SmokeAlarm	
"""hops=6, cl=true"""	#5	endToEndDelay:vector	21420	1.0490690845306205	0.454149485934	6.592820019544	SmokeAlarm	
"""hops=6, cl=true"""	#15	endToEndDelay:vector	859	1.2575947829320022	0.44448453277	10.252677374377	HumidityMonitoring	
"""hops=6, cl=true"""	#10	endToEndDelay:vector	21350	0.9947704751655442	0.42402125054	5.932061845015	SmokeAlarm	
"""hops=6, cl=true"""	#0	endToEndDelay:vector	21357	1.0105855910072288	0.474240134588	6.086161452399	SmokeAlarm	
"""hops=6, cl=true"""	#19	endToEndDelay:vector	21357	1.0448173509628107	0.454010524025	6.041358632661	SmokeAlarm	
"""hops=6, cl=true"""	#18	endToEndDelay:vector	1280	1.2268693280354164	0.466467063304	6.422418863895	HumidityMonitoring	
"""hops=6, cl=true"""	#7	endToEndDelay:vector	21356	1.019329785722903	0.443943598798	8.076171041482	SmokeAlarm	
"""hops=6, cl=true"""	#17	endToEndDelay:vector	21345	1.078340311891301	0.453981397161	8.131765446612	SmokeAlarm	
"""hops=6, cl=true"""	#9	endToEndDelay:vector	21311	1.010298535982179	0.454098986405	4.929565934592	SmokeAlarm	
"""hops=6, cl=true"""	#3	endToEndDelay:vector	21385	0.9993653934378859	0.354329579189	7.285457881928	SmokeAlarm	
"""hops=6, cl=true"""	#6	endToEndDelay:vector	21427	1.002261607872711	0.474136206089	6.025257962436	SmokeAlarm	
"""hops=6, cl=true"""	#3	endToEndDelay:vector	1286	1.278300248185465	0.428295467881	5.125538904419	HumidityMonitoring	
"""hops=6, cl=true"""	#2	endToEndDelay:vector	1285	1.3089054837823593	0.444397236918	12.992555916182	HumidityMonitoring	
"""hops=6, cl=true"""	#13	endToEndDelay:vector	21386	1.0007828466934132	0.464061193489	8.076136512771	SmokeAlarm	
"""hops=6, cl=true"""	#2	endToEndDelay:vector	21346	1.0131268974784984	0.443982824103	4.984896452259	SmokeAlarm	
"""hops=6, cl=true"""	#1	endToEndDelay:vector	1287	1.2232125889643986	0.465936432439	7.71026120876	HumidityMonitoring	
"""hops=6, cl=true"""	#11	endToEndDelay:vector	1281	1.2657611724098332	0.481942840153	6.201326688166	HumidityMonitoring	
"""hops=6, cl=true"""	#16	endToEndDelay:vector	861	1.1957766800425098	0.465546468392	4.561020537757	HumidityMonitoring	
"""hops=6, cl=true"""	#4	endToEndDelay:vector	14267	1.4395833222785963	0.464029339723	6.505146190967	SmokeAlarm	
"""hops=6, cl=true"""	#9	endToEndDelay:vector	1268	1.2651016048695838	0.482205785663	15.548167984121	HumidityMonitoring	
"""hops=6, cl=true"""	#0	endToEndDelay:vector	1292	1.2603394871110714	0.446202201206	6.317096488362	HumidityMonitoring	
"""hops=6, cl=true"""	#19	endToEndDelay:vector	1282	1.2550704894176146	0.428321299667	5.742566178736	HumidityMonitoring	
"""hops=6, cl=true"""	#4	endToEndDelay:vector	1285	1.250998529411277	0.46315448774	11.926733554029	HumidityMonitoring	
"""hops=6, cl=true"""	#10	endToEndDelay:vector	1284	1.2745279094902342	0.452050685688	5.36664610462	HumidityMonitoring	
"""hops=6, cl=true"""	#12	endToEndDelay:vector	21409	1.1255371517535842	0.454016163506	6.018964431041	SmokeAlarm	
"""hops=6, cl=true"""	#14	endToEndDelay:vector	21378	1.006233276819283	0.464014524782	5.349489111134	SmokeAlarm	
"""hops=6, cl=true"""	#15	endToEndDelay:vector	21416	1.041674564355609	0.423979488524	5.952654536121	SmokeAlarm	
"""hops=6, cl=true"""	#1	endToEndDelay:vector	21398	1.04760627898837	0.42420627576	7.570124437301	SmokeAlarm	
"""hops=6, cl=true"""	#5	endToEndDelay:vector	1281	1.1969359437822897	0.427790892031	4.952662632867	HumidityMonitoring	
"""hops=6, cl=true"""	#7	endToEndDelay:vector	1286	1.2323177300114145	0.485227305754	6.163138316683	HumidityMonitoring	
"""hops=6, cl=true"""	#17	endToEndDelay:vector	1281	1.2991634196960398	0.452078099265	13.437421630737	HumidityMonitoring	
"""hops=6, cl=true"""	#14	endToEndDelay:vector	1281	1.5540225776568515	0.45578978974	15.282352394023	HumidityMonitoring	
"""hops=6, cl=true"""	#12	endToEndDelay:vector	1287	1.2576012925521685	0.472777922398	7.772583304829	HumidityMonitoring	
"""hops=6, cl=true"""	#6	endToEndDelay:vector	1289	1.5848772745375723	0.459682124451	5.838503772094	HumidityMonitoring	
"""hops=6, cl=true"""	#13	endToEndDelay:vector	1286	1.684107381199006	0.487857183747	5.574748681	HumidityMonitoring	
"""hops=6, cl=true"""	#16	endToEndDelay:vector	21386	1.188752975756687	0.474302541898	7.923287017845	SmokeAlarm	
"""hops=6, cl=true"""	#8	endToEndDelay:vector	1281	1.256059550400095	0.529381091232	5.799358181133	HumidityMonitoring	
"""hops=6, cl=true"""	#11	endToEndDelay:vector	21390	0.9751074572974817	0.444033216714	4.85594275822	SmokeAlarm	
"""hops=6, cl=true"""	#18	endToEndDelay:vector	14235	0.9785211222906519	0.454072442422	6.459288908242	SmokeAlarm	
"""hops=6, cl=true"""	#8	endToEndDelay:vector	21393	1.1006838093962645	0.453953190859	6.614005212998	SmokeAlarm	
"""hops=7, cl=false"""	#5	endToEndDelay:vector	21361	1.5532404490861191	0.674037625928	6.693216902639	SmokeAlarm	
"""hops=7, cl=false"""	#10	endToEndDelay:vector	21368	1.85687663341377	1.014092327161	8.097756454703	SmokeAlarm	
"""hops=7, cl=false"""	#17	endToEndDelay:vector	21390	1.70990239840057	0.724036250043	6.829616355422	SmokeAlarm	
"""hops=7, cl=false"""	#1	endToEndDelay:vector	21354	2.0038825173746377	1.413996025083	8.44207941652	SmokeAlarm	
"""hops=7, cl=false"""	#13	endToEndDelay:vector	21407	1.9810620288995828	1.063965133448	6.966656634658	SmokeAlarm	
"""hops=7, cl=false"""	#12	endToEndDelay:vector	21366	1.8392390679208397	1.054118033654	7.055397321693	SmokeAlarm	
"""hops=7, cl=false"""	#11	endToEndDelay:vector	21335	1.5599777890552915	0.813963244136	12.23381998207	SmokeAlarm	
"""hops=7, cl=false"""	#6	endToEndDelay:vector	21382	2.1824414193556576	1.084189394217	10.956132597398	SmokeAlarm	
"""hops=7, cl=false"""	#9	endToEndDelay:vector	21365	1.5658843458353804	0.804215473221	7.378746013631	SmokeAlarm	
"""hops=7, cl=false"""	#2	endToEndDelay:vector	21405	1.8551799932434345	1.103989527191	8.020253050706	SmokeAlarm	
"""hops=7, cl=false"""	#18	endToEndDelay:vector	21337	1.8692179019606094	0.884292675606	6.904752407652	SmokeAlarm	
"""hops=7, cl=false"""	#15	endToEndDelay:vector	21350	1.2747073291537818	0.334099386096	7.562116587952	SmokeAlarm	
"""hops=7, cl=false"""	#16	endToEndDelay:vector	21378	1.6008890490445262	0.744181186661	18.137672810142	SmokeAlarm	
"""hops=7, cl=false"""	#8	endToEndDelay:vector	21347	1.6351870049929695	0.834152148337	14.524556483598	SmokeAlarm	
"""hops=7, cl=false"""	#14	endToEndDelay:vector	21368	1.4320426522179541	0.535361009402	8.473573280546	SmokeAlarm	
"""hops=7, cl=false"""	#3	endToEndDelay:vector	21373	1.737199759536486	0.924633383379	8.408570541394	SmokeAlarm	
"""hops=7, cl=false"""	#4	endToEndDelay:vector	21387	1.5538322663134572	0.853980889247	7.647682823405	SmokeAlarm	
"""hops=7, cl=false"""	#19	endToEndDelay:vector	21396	1.5195206064552407	0.934192887422	10.307157565157	SmokeAlarm	
"""hops=7, cl=false"""	#0	endToEndDelay:vector	21407	1.7792795318604309	0.713983334854	7.753645665051	SmokeAlarm	
"""hops=7, cl=false"""	#7	endToEndDelay:vector	21397	2.018344349601795	0.374011688993	8.397861572838	SmokeAlarm	
"""hops=7, cl=true"""	#10	endToEndDelay:vector	21431	1.1111741847108618	0.494088156378	11.230229933086	SmokeAlarm	
"""hops=7, cl=true"""	#13	endToEndDelay:vector	21387	1.0691767061898996	0.513976237129	7.48870735784	SmokeAlarm	
"""hops=7, cl=true"""	#4	endToEndDelay:vector	21394	1.4258819584546636	0.544133180327	7.724314150788	SmokeAlarm	
"""hops=7, cl=true"""	#3	endToEndDelay:vector	21406	1.1434287196197341	0.444000338384	7.417034161814	SmokeAlarm	
"""hops=7, cl=true"""	#7	endToEndDelay:vector	21389	1.1677152205197816	0.434039486632	6.388131731757	SmokeAlarm	
"""hops=7, cl=true"""	#6	endToEndDelay:vector	21336	1.1124822776863115	0.533984990952	6.338915729447	SmokeAlarm	
"""hops=7, cl=true"""	#0	endToEndDelay:vector	21347	1.0535724215542446	0.483959748815	6.715031124587	SmokeAlarm	
"""hops=7, cl=true"""	#9	endToEndDelay:vector	21391	1.398377920000756	0.534215033807	18.576755031104	SmokeAlarm	
"""hops=7, cl=true"""	#11	endToEndDelay:vector	21344	1.0951200882990986	0.474800880626	6.28039125112	SmokeAlarm	
"""hops=7, cl=true"""	#12	endToEndDelay:vector	21339	1.0717647364775988	0.453968184541	6.000141222281	SmokeAlarm	
"""hops=7, cl=true"""	#10	endToEndDelay:vector	1275	1.3080205722569034	0.490347805172	5.509676068071	HumidityMonitoring	
"""hops=7, cl=true"""	#8	endToEndDelay:vector	21380	1.0649407576526781	0.513972826988	9.392925972181	SmokeAlarm	
"""hops=7, cl=true"""	#2	endToEndDelay:vector	21364	1.0776697226793688	0.533972567051	7.249606404003	SmokeAlarm	
"""hops=7, cl=true"""	#12	endToEndDelay:vector	1278	1.4164759146224963	0.534088042881	14.662414046677	HumidityMonitoring	
"""hops=7, cl=true"""	#13	endToEndDelay:vector	1290	1.7285871823543033	0.617637569433	8.306312327906	HumidityMonitoring	
"""hops=7, cl=true"""	#11	endToEndDelay:vector	1287	1.3383181100034318	0.519213302026	6.917979132942	HumidityMonitoring	
"""hops=7, cl=true"""	#15	endToEndDelay:vector	1282	1.3795955288130461	0.500317229087	5.786018274368	HumidityMonitoring	
"""hops=7, cl=true"""	#16	endToEndDelay:vector	1283	1.3350897207959203	0.482059447575	7.787883723425	HumidityMonitoring	
"""hops=7, cl=true"""	#2	endToEndDelay:vector	1289	1.3523933402584551	0.498565670382	6.674199262458	HumidityMonitoring	
"""hops=7, cl=true"""	#3	endToEndDelay:vector	1288	1.310723464936487	0.553862893423	13.030576118901	HumidityMonitoring	
"""hops=7, cl=true"""	#4	endToEndDelay:vector	1276	1.5524667061183757	0.521528210802	6.354376925128	HumidityMonitoring	
"""hops=7, cl=true"""	#0	endToEndDelay:vector	1283	1.3670196277144284	0.488416965935	5.677131967171	HumidityMonitoring	
"""hops=7, cl=true"""	#18	endToEndDelay:vector	21400	1.1364800923887197	0.504030915092	6.073446296612	SmokeAlarm	
"""hops=7, cl=true"""	#1	endToEndDelay:vector	1283	1.462022164768751	0.477389705859	16.660512484769	HumidityMonitoring	
"""hops=7, cl=true"""	#15	endToEndDelay:vector	21358	1.1455150373839005	0.424057413923	7.482296427694	SmokeAlarm	
"""hops=7, cl=true"""	#5	endToEndDelay:vector	21415	1.101300225276471	0.504019345339	8.727158338401	SmokeAlarm	
"""hops=7, cl=true"""	#9	endToEndDelay:vector	1281	1.6561390535608977	0.523410773776	13.284201489546	HumidityMonitoring	
"""hops=7, cl=true"""	#1	endToEndDelay:vector	21387	1.0651781509405194	0.45401233308	9.538700796707	SmokeAlarm	
"""hops=7, cl=true"""	#16	endToEndDelay:vector	21377	1.0536305472211778	0.493966778231	6.682975574556	SmokeAlarm	
"""hops=7, cl=true"""	#14	endToEndDelay:vector	21386	1.1250044685491847	0.483952349929	19.716756662314	SmokeAlarm	
"""hops=7, cl=true"""	#14	endToEndDelay:vector	1282	1.649109000568638	0.428867890896	13.491327592848	HumidityMonitoring	
"""hops=7, cl=true"""	#19	endToEndDelay:vector	21371	1.074774198297162	0.454249957072	10.933502437367	SmokeAlarm	
"""hops=7, cl=true"""	#18	endToEndDelay:vector	1283	1.6417682863665854	0.577734352548	11.911781019505	HumidityMonitoring	
"""hops=7, cl=true"""	#6	endToEndDelay:vector	1284	1.7959231168959595	0.462485780786	7.147394227507	HumidityMonitoring	
"""hops=7, cl=true"""	#19	endToEndDelay:vector	1283	1.8862807692621169	0.459391765642	6.803028736236	HumidityMonitoring	
"""hops=7, cl=true"""	#17	endToEndDelay:vector	21362	1.0557704950957985	0.474437878831	8.130838840806	SmokeAlarm	
"""hops=7, cl=true"""	#17	endToEndDelay:vector	1282	1.7997428717326474	0.478233202958	5.451038945737	HumidityMonitoring	
"""hops=7, cl=true"""	#8	endToEndDelay:vector	1282	1.4089817873115444	0.474730296067	13.478906228192	HumidityMonitoring	
"""hops=7, cl=true"""	#7	endToEndDelay:vector	1285	1.3623226613760824	0.58658525634	7.614180906909	HumidityMonitoring	
"""hops=7, cl=true"""	#5	endToEndDelay:vector	1288	1.9643471361452665	0.548419685552	77.676561444169	HumidityMonitoring	
"""hops=8, cl=false"""	#2	endToEndDelay:vector	21385	1.9996792079062644	1.074008995191	7.669887960441	SmokeAlarm	
"""hops=8, cl=false"""	#15	endToEndDelay:vector	21339	2.079347809557148	1.114066914515	10.138863289095	SmokeAlarm	
"""hops=8, cl=false"""	#4	endToEndDelay:vector	21396	2.2999767541134726	1.634106947658	8.312879054849	SmokeAlarm	
"""hops=8, cl=false"""	#6	endToEndDelay:vector	21373	2.123032813648285	0.783952386119	8.784305151533	SmokeAlarm	
"""hops=8, cl=false"""	#16	endToEndDelay:vector	21405	1.7647952407673668	0.984463570336	13.14833851116	SmokeAlarm	
"""hops=8, cl=false"""	#9	endToEndDelay:vector	21373	1.5406242138572213	1.014098713648	8.566475788663	SmokeAlarm	
"""hops=8, cl=false"""	#7	endToEndDelay:vector	21380	1.7589715975395337	1.063977714343	8.839438711117	SmokeAlarm	
"""hops=8, cl=false"""	#12	endToEndDelay:vector	21398	2.27759386184616	1.473949118309	7.890536649078	SmokeAlarm	
"""hops=8, cl=false"""	#1	endToEndDelay:vector	21319	2.1345964425828234	1.334157040298	6.667220208803	SmokeAlarm	
"""hops=8, cl=false"""	#13	endToEndDelay:vector	21346	2.260366120027078	1.474390921957	7.580230720862	SmokeAlarm	
"""hops=8, cl=false"""	#10	endToEndDelay:vector	21367	2.076415511919638	0.814135866529	8.591720510025	SmokeAlarm	
"""hops=8, cl=false"""	#11	endToEndDelay:vector	21422	1.7227179897054774	0.954095118036	11.271103958065	SmokeAlarm	
"""hops=8, cl=false"""	#19	endToEndDelay:vector	21382	1.8474039961367719	0.954193142419	8.69774034407	SmokeAlarm	
"""hops=8, cl=false"""	#5	endToEndDelay:vector	21349	2.2633925583159704	0.694087048948	7.957309392922	SmokeAlarm	
"""hops=8, cl=false"""	#8	endToEndDelay:vector	21345	1.9493628915946686	1.033943561444	8.851181191594	SmokeAlarm	
"""hops=8, cl=false"""	#17	endToEndDelay:vector	21391	2.081228061131312	1.264083310226	8.846699628913	SmokeAlarm	
"""hops=8, cl=false"""	#18	endToEndDelay:vector	21415	2.139091740085053	1.264255878446	8.867463984004	SmokeAlarm	
"""hops=8, cl=false"""	#0	endToEndDelay:vector	21389	1.867300901953122	1.213984887602	8.213635874731	SmokeAlarm	
"""hops=8, cl=false"""	#3	endToEndDelay:vector	21336	1.6207895723300192	0.743977877705	9.655017455924	SmokeAlarm	
"""hops=8, cl=false"""	#14	endToEndDelay:vector	21382	1.8074066448948953	1.083973730509	10.432612769593	SmokeAlarm	
"""hops=8, cl=true"""	#6	endToEndDelay:vector	21440	1.1661887481600695	0.634068023813	8.627252885922	SmokeAlarm	
"""hops=8, cl=true"""	#2	endToEndDelay:vector	21377	1.16699693052878	0.624033087823	8.645090768532	SmokeAlarm	
"""hops=8, cl=true"""	#6	endToEndDelay:vector	1278	1.560909426371682	0.695772420189	14.554505091077	HumidityMonitoring	
"""hops=8, cl=true"""	#13	endToEndDelay:vector	1283	1.6580922089733283	0.709233559853	15.58405211161	HumidityMonitoring	
"""hops=8, cl=true"""	#14	endToEndDelay:vector	1282	1.4776810588426568	0.661753078206	6.726960927785	HumidityMonitoring	
"""hops=8, cl=true"""	#15	endToEndDelay:vector	1283	1.6984216073697431	0.638588363857	8.430108295652	HumidityMonitoring	
"""hops=8, cl=true"""	#4	endToEndDelay:vector	1281	1.6966360208931492	0.665379811925	7.126289312354	HumidityMonitoring	
"""hops=8, cl=true"""	#12	endToEndDelay:vector	21381	1.2738946914233154	0.664158601786	6.804116120609	SmokeAlarm	
"""hops=8, cl=true"""	#11	endToEndDelay:vector	1283	1.5188920813532174	0.699821586329	7.407414846904	HumidityMonitoring	
"""hops=8, cl=true"""	#2	endToEndDelay:vector	1281	1.5457293085215025	0.646722098494	14.479761821096	HumidityMonitoring	
"""hops=8, cl=true"""	#3	endToEndDelay:vector	1286	1.8198139846828902	0.655516102322	11.78422427351	HumidityMonitoring	
"""hops=8, cl=true"""	#18	endToEndDelay:vector	21379	1.251847003624912	0.644077337364	8.124746950899	SmokeAlarm	
"""hops=8, cl=true"""	#5	endToEndDelay:vector	1287	1.5357862850440565	0.636819336896	14.462298978951	HumidityMonitoring	
"""hops=8, cl=true"""	#19	endToEndDelay:vector	21371	1.199830452594248	0.634107319929	9.732357443525	SmokeAlarm	
"""hops=8, cl=true"""	#3	endToEndDelay:vector	21428	1.4914052844011878	0.643955186233	8.136800464845	SmokeAlarm	
"""hops=8, cl=true"""	#18	endToEndDelay:vector	1285	1.586213871672938	0.665834404195	15.93934341435	HumidityMonitoring	
"""hops=8, cl=true"""	#5	endToEndDelay:vector	21385	1.179942745174056	0.623940127168	8.125486145111	SmokeAlarm	
"""hops=8, cl=true"""	#19	endToEndDelay:vector	1283	1.593104096051963	0.620118413479	14.247917708771	HumidityMonitoring	
"""hops=8, cl=true"""	#16	endToEndDelay:vector	1284	1.8298469793418795	0.684063034672	7.666170787363	HumidityMonitoring	
"""hops=8, cl=true"""	#10	endToEndDelay:vector	21364	1.1774582308813777	0.624285522965	8.661067398335	SmokeAlarm	
"""hops=8, cl=true"""	#11	endToEndDelay:vector	21387	1.1808748021094806	0.644014606705	6.654980334594	SmokeAlarm	
"""hops=8, cl=true"""	#13	endToEndDelay:vector	21415	1.199847158140511	0.643954661644	10.324815929959	SmokeAlarm	
"""hops=8, cl=true"""	#17	endToEndDelay:vector	1283	1.4598598238120601	0.660669075526	7.630130953538	HumidityMonitoring	
"""hops=8, cl=true"""	#8	endToEndDelay:vector	1278	1.514633415723888	0.713781941771	6.624585318022	HumidityMonitoring	
"""hops=8, cl=true"""	#0	endToEndDelay:vector	21363	1.5148571157950863	0.643975492478	8.77991142705	SmokeAlarm	
"""hops=8, cl=true"""	#7	endToEndDelay:vector	1283	1.7695631839099764	0.66391518499	7.013375524739	HumidityMonitoring	
"""hops=8, cl=true"""	#17	endToEndDelay:vector	21371	1.2516405059863838	0.693968846068	7.513155383122	SmokeAlarm	
"""hops=8, cl=true"""	#16	endToEndDelay:vector	21395	1.1774178519781497	0.634068413834	6.621970894352	SmokeAlarm	
"""hops=8, cl=true"""	#1	endToEndDelay:vector	21400	1.751974690202747	0.71404361035	11.044537256826	SmokeAlarm	
"""hops=8, cl=true"""	#9	endToEndDelay:vector	1282	1.5157439809512887	0.645422752661	10.644696076605	HumidityMonitoring	
"""hops=8, cl=true"""	#12	endToEndDelay:vector	1283	1.4469646426803735	0.639171524266	7.10961076201	HumidityMonitoring	
"""hops=8, cl=true"""	#15	endToEndDelay:vector	21376	1.232518634308307	0.63395261804	7.651726438791	SmokeAlarm	
"""hops=8, cl=true"""	#1	endToEndDelay:vector	1282	1.5649123524904864	0.667579300771	15.707681862311	HumidityMonitoring	
"""hops=8, cl=true"""	#8	endToEndDelay:vector	21403	1.2364696410031728	0.684233498409	11.003441995286	SmokeAlarm	
"""hops=8, cl=true"""	#10	endToEndDelay:vector	1275	1.535599096914369	0.638880402603	7.7245527709	HumidityMonitoring	
"""hops=8, cl=true"""	#14	endToEndDelay:vector	21398	1.2796122976995299	0.624352278605	10.47825024749	SmokeAlarm	
"""hops=8, cl=true"""	#7	endToEndDelay:vector	21356	1.1929610223701648	0.634234374259	6.750786084096	SmokeAlarm	
"""hops=8, cl=true"""	#9	endToEndDelay:vector	14289	1.1701680396209102	0.633947458864	5.97140756145	SmokeAlarm	
"""hops=8, cl=true"""	#4	endToEndDelay:vector	21405	1.203753621968408	0.633962117257	7.363197242255	SmokeAlarm	
"""hops=8, cl=true"""	#0	endToEndDelay:vector	1291	1.4741559063475873	0.643871601922	9.297198456152	HumidityMonitoring	
"""hops=9, cl=false"""	#1	endToEndDelay:vector	21318	1.924194817969627	1.103997716082	10.40022195107	SmokeAlarm	
"""hops=9, cl=false"""	#2	endToEndDelay:vector	21352	2.4147114183988223	1.144039250007	9.927919680932	SmokeAlarm	
"""hops=9, cl=false"""	#7	endToEndDelay:vector	6252	2.3856508618925782	1.594181199861	8.972893988638	SmokeAlarm	
"""hops=9, cl=false"""	#3	endToEndDelay:vector	21346	2.009751537238001	1.124357865653	10.374862182326	SmokeAlarm	
"""hops=9, cl=false"""	#8	endToEndDelay:vector	2243	2.1533535674617474	1.334127988782	13.038674173704	SmokeAlarm	
"""hops=9, cl=false"""	#4	endToEndDelay:vector	15425	2.385302037319748	0.924102818104	9.180076216987	SmokeAlarm	
"""hops=9, cl=false"""	#9	endToEndDelay:vector	2290	2.7674719381543227	1.078740522904	10.063578817024	SmokeAlarm	
"""hops=9, cl=false"""	#0	endToEndDelay:vector	21417	2.5773512375596006	1.224197139087	13.860444591962	SmokeAlarm	
"""hops=9, cl=false"""	#6	endToEndDelay:vector	6886	2.540929280950566	1.683938388103	9.581631004836	SmokeAlarm	
"""hops=9, cl=false"""	#5	endToEndDelay:vector	14760	2.6224106657483333	1.904106961615	9.654491366148	SmokeAlarm	
"""hops=9, cl=true"""	#11	endToEndDelay:vector	21397	1.755404659160829	0.754111864764	10.738763219292	SmokeAlarm	
"""hops=9, cl=true"""	#14	endToEndDelay:vector	857	1.5719527043690469	0.755830825243	10.013206937014	HumidityMonitoring	
"""hops=9, cl=true"""	#6	endToEndDelay:vector	1281	1.7184748398283287	0.746259053089	8.358752193748	HumidityMonitoring	
"""hops=9, cl=true"""	#1	endToEndDelay:vector	21406	1.6437718026449795	0.683974762691	10.002713204855	SmokeAlarm	
"""hops=9, cl=true"""	#6	endToEndDelay:vector	21378	1.4048255639858338	0.75414613832	10.016913743459	SmokeAlarm	
"""hops=9, cl=true"""	#14	endToEndDelay:vector	21322	1.2381027187992553	0.683946850472	7.402757744842	SmokeAlarm	
"""hops=9, cl=true"""	#7	endToEndDelay:vector	1283	1.6218846587931615	0.792519904352	8.618846437967	HumidityMonitoring	
"""hops=9, cl=true"""	#16	endToEndDelay:vector	21419	1.3507785673305266	0.743959822038	7.414234808276	SmokeAlarm	
"""hops=9, cl=true"""	#17	endToEndDelay:vector	21369	1.2770272300155154	0.743958359539	8.751634317926	SmokeAlarm	
"""hops=9, cl=true"""	#19	endToEndDelay:vector	1291	1.6669237584515055	0.736048478656	15.51966908376	HumidityMonitoring	
"""hops=9, cl=true"""	#13	endToEndDelay:vector	21351	1.2551141156327796	0.694143525297	7.951037356528	SmokeAlarm	
"""hops=9, cl=true"""	#9	endToEndDelay:vector	21387	1.3171021445872209	0.694089751059	9.90664633654	SmokeAlarm	
"""hops=9, cl=true"""	#15	endToEndDelay:vector	21354	1.2755880547581007	0.724101044174	8.756638732552	SmokeAlarm	
"""hops=9, cl=true"""	#5	endToEndDelay:vector	1285	1.6359080961759433	0.769098024832	11.096938054543	HumidityMonitoring	
"""hops=9, cl=true"""	#16	endToEndDelay:vector	1292	1.5832604821293172	0.778240742029	8.092709534104	HumidityMonitoring	
"""hops=9, cl=true"""	#17	endToEndDelay:vector	1283	1.8925399326412862	0.739493840662	14.3404940929	HumidityMonitoring	
"""hops=9, cl=true"""	#2	endToEndDelay:vector	21350	1.3006680272067328	0.754006737041	11.384809451188	SmokeAlarm	
"""hops=9, cl=true"""	#0	endToEndDelay:vector	1282	1.6672762198957038	0.731792523039	15.186001812631	HumidityMonitoring	
"""hops=9, cl=true"""	#4	endToEndDelay:vector	21372	1.4317363279559348	0.734043265099	9.075329996123	SmokeAlarm	
"""hops=9, cl=true"""	#3	endToEndDelay:vector	1285	1.984404853895087	0.810513432685	8.819878384358	HumidityMonitoring	
"""hops=9, cl=true"""	#1	endToEndDelay:vector	1287	1.5699779465607897	0.726798515113	8.586245947751	HumidityMonitoring	
"""hops=9, cl=true"""	#10	endToEndDelay:vector	1272	1.7075510355988475	0.734341496148	9.005438223406	HumidityMonitoring	
"""hops=9, cl=true"""	#7	endToEndDelay:vector	21402	1.3084362624725414	0.734238010203	7.668964696339	SmokeAlarm	
"""hops=9, cl=true"""	#2	endToEndDelay:vector	1290	1.7275026183148245	0.767183340958	14.215998290489	HumidityMonitoring	
"""hops=9, cl=true"""	#0	endToEndDelay:vector	21418	1.3415759153665456	0.763965666749	8.922778834513	SmokeAlarm	
"""hops=9, cl=true"""	#15	endToEndDelay:vector	1284	1.5660387895338483	0.76399449394	6.267901298358	HumidityMonitoring	
"""hops=9, cl=true"""	#4	endToEndDelay:vector	1279	1.6700490958800056	0.740810185654	9.229082042686	HumidityMonitoring	
"""hops=9, cl=true"""	#8	endToEndDelay:vector	1280	1.5958543209872968	0.770353528931	8.36728777483	HumidityMonitoring	
"""hops=9, cl=true"""	#18	endToEndDelay:vector	21363	1.3565764124972655	0.724455500576	10.081794657643	SmokeAlarm	
"""hops=9, cl=true"""	#9	endToEndDelay:vector	1279	1.9907855272520616	0.754790448537	8.289154303685	HumidityMonitoring	
"""hops=9, cl=true"""	#12	endToEndDelay:vector	21379	1.2678121228552393	0.68416707476	9.734253456081	SmokeAlarm	
"""hops=9, cl=true"""	#3	endToEndDelay:vector	21384	1.3558900174296487	0.753970309002	10.717684695962	SmokeAlarm	
"""hops=9, cl=true"""	#10	endToEndDelay:vector	21386	1.2877531862561962	0.734076067636	9.765509310662	SmokeAlarm	
"""hops=9, cl=true"""	#12	endToEndDelay:vector	1286	1.9249120583709225	0.792046152828	9.145207187942	HumidityMonitoring	
"""hops=9, cl=true"""	#8	endToEndDelay:vector	21360	1.2911939732038544	0.724028329141	7.526808808377	SmokeAlarm	
"""hops=9, cl=true"""	#13	endToEndDelay:vector	1288	1.855696624582134	0.728327252391	8.336560552753	HumidityMonitoring	
"""hops=9, cl=true"""	#11	endToEndDelay:vector	1288	2.1298822557590706	0.825849697961	14.305083148937	HumidityMonitoring	
"""hops=9, cl=true"""	#19	endToEndDelay:vector	21360	1.6864735959534785	0.763998737002	10.851482775292	SmokeAlarm	
"""hops=9, cl=true"""	#5	endToEndDelay:vector	21412	1.5911772181662556	0.734127806724	8.957309854665	SmokeAlarm	
"""hops=9, cl=true"""	#18	endToEndDelay:vector	1284	1.5414093626220053	0.737559826987	8.965677692006	HumidityMonitoring	
"""hops=10, cl=true"""	#10	endToEndDelay:vector	21375	1.7042017020726932	0.844079115017	10.942489217615	SmokeAlarm	
"""hops=10, cl=true"""	#10	endToEndDelay:vector	1280	1.8747423042261164	0.863169423319	11.937573853182	HumidityMonitoring	
"""hops=10, cl=true"""	#6	endToEndDelay:vector	854	1.9928364578221829	0.853957220424	8.716216057592	HumidityMonitoring	
"""hops=10, cl=true"""	#7	endToEndDelay:vector	1276	1.9071796969266355	0.882406253959	9.201010004691	HumidityMonitoring	
"""hops=10, cl=true"""	#11	endToEndDelay:vector	1285	2.0458768832703202	0.850328826768	9.841785032339	HumidityMonitoring	
"""hops=10, cl=true"""	#11	endToEndDelay:vector	21382	1.3643292828266074	0.814274769127	26.750905866139	SmokeAlarm	
"""hops=10, cl=true"""	#2	endToEndDelay:vector	21391	1.3810581668159327	0.814206860147	10.255884308014	SmokeAlarm	
"""hops=10, cl=true"""	#9	endToEndDelay:vector	1292	1.7169865314050172	0.857813107168	8.625599052134	HumidityMonitoring	
"""hops=10, cl=true"""	#1	endToEndDelay:vector	1278	1.8045307532277473	0.839728130439	8.162315129115	HumidityMonitoring	
"""hops=10, cl=true"""	#18	endToEndDelay:vector	14289	1.39011927871096	0.814287862689	9.376819126903	SmokeAlarm	
"""hops=10, cl=true"""	#1	endToEndDelay:vector	21342	1.3806695665556372	0.844178680876	10.166437807801	SmokeAlarm	
"""hops=10, cl=true"""	#17	endToEndDelay:vector	21322	1.5028112142908074	0.824145734067	9.850990243665	SmokeAlarm	
"""hops=10, cl=true"""	#6	endToEndDelay:vector	14281	1.3916500494556792	0.843957167111	9.432358585053	SmokeAlarm	
"""hops=10, cl=true"""	#0	endToEndDelay:vector	21378	1.3662310531761752	0.82399891766	10.511640775549	SmokeAlarm	
"""hops=10, cl=true"""	#19	endToEndDelay:vector	14269	1.4432463098544488	0.824372124191	9.653793896623	SmokeAlarm	
"""hops=10, cl=true"""	#8	endToEndDelay:vector	21376	1.3811937233125202	0.823954709933	11.396603777381	SmokeAlarm	
"""hops=10, cl=true"""	#14	endToEndDelay:vector	21351	1.4538301563156213	0.823942669408	9.880468781153	SmokeAlarm	
"""hops=10, cl=true"""	#9	endToEndDelay:vector	21335	1.7869157566923934	0.823990325763	11.565894004562	SmokeAlarm	
"""hops=10, cl=true"""	#16	endToEndDelay:vector	21391	1.382572898372413	0.824493972999	10.017605807706	SmokeAlarm	
"""hops=10, cl=true"""	#4	endToEndDelay:vector	21349	1.417528329405773	0.824107725102	10.441129734888	SmokeAlarm	
"""hops=10, cl=true"""	#5	endToEndDelay:vector	21364	1.39550710324638	0.83400420792	9.637041595391	SmokeAlarm	
"""hops=10, cl=true"""	#7	endToEndDelay:vector	21410	1.4407781449271455	0.823970808077	12.323724621544	SmokeAlarm	
"""hops=10, cl=true"""	#15	endToEndDelay:vector	21406	1.3980189440515072	0.823957276481	10.337509410466	SmokeAlarm	
"""hops=10, cl=true"""	#4	endToEndDelay:vector	1277	1.6621159255555096	0.877714608158	10.66472179193	HumidityMonitoring	
"""hops=10, cl=true"""	#3	endToEndDelay:vector	21404	1.765219035594609	0.814046182818	12.097623168804	SmokeAlarm	
"""hops=10, cl=true"""	#0	endToEndDelay:vector	1283	2.019180102805819	0.874231300018	12.553118149775	HumidityMonitoring	
"""hops=10, cl=true"""	#2	endToEndDelay:vector	1286	1.6797510875222927	0.864457306095	9.937633124962	HumidityMonitoring	
"""hops=10, cl=true"""	#3	endToEndDelay:vector	1286	1.6894692136999114	0.855007097236	11.464327121041	HumidityMonitoring	
"""hops=10, cl=true"""	#15	endToEndDelay:vector	926	1.709258071669907	0.839794726364	38.021825655709	HumidityMonitoring	
"""hops=10, cl=true"""	#12	endToEndDelay:vector	1288	1.7391615295796736	0.853083574899	8.900767319164	HumidityMonitoring	
"""hops=10, cl=true"""	#12	endToEndDelay:vector	21386	1.4149827548344025	0.794136205355	11.768523508244	SmokeAlarm	
"""hops=10, cl=true"""	#13	endToEndDelay:vector	1286	2.279114044326586	0.884008082549	9.295852486358	HumidityMonitoring	
"""hops=10, cl=true"""	#14	endToEndDelay:vector	1288	1.7001863709342586	0.848188432378	9.277107432819	HumidityMonitoring	
"""hops=10, cl=true"""	#19	endToEndDelay:vector	1287	1.8889468124086657	0.844446194834	15.827704347064	HumidityMonitoring	
"""hops=10, cl=true"""	#13	endToEndDelay:vector	21354	1.376315614650934	0.823971941779	9.977444986935	SmokeAlarm	
"""hops=10, cl=true"""	#16	endToEndDelay:vector	1289	1.7172070264344304	0.848887230639	16.752537098899	HumidityMonitoring	
"""hops=10, cl=true"""	#17	endToEndDelay:vector	1278	1.6868778489767253	0.831856686153	10.421020652725	HumidityMonitoring	
"""hops=10, cl=true"""	#18	endToEndDelay:vector	1288	2.3443023217992605	0.844026384155	12.118184557531	HumidityMonitoring	
"""hops=10, cl=true"""	#8	endToEndDelay:vector	853	1.6611526400465968	0.849262460411	8.606403504322	HumidityMonitoring
"""hops=10, cl=true"""	#5	endToEndDelay:vector	1280	2.0985861643806007	0.874228111099	9.092452410321	HumidityMonitoring	
"""hops=2, cl=false"""	#8	endToEndDelay:vector	1285	1.2646061789743752	0.336987381366	12.089552377901	HumidityMonitoring	
"""hops=2, cl=false"""	#3	endToEndDelay:vector	1276	1.1946207012785346	0.304054667782	11.845524308627	HumidityMonitoring	
"""hops=2, cl=false"""	#9	endToEndDelay:vector	1282	0.9037051299826022	0.136236426046	3.18358314889	HumidityMonitoring	
"""hops=2, cl=false"""	#19	endToEndDelay:vector	1275	1.1187924569464542	0.246312905434	6.594838715577	HumidityMonitoring	
"""hops=2, cl=false"""	#4	endToEndDelay:vector	1283	0.8942702875371573	0.095882085058	3.961312758525	HumidityMonitoring	
"""hops=2, cl=false"""	#0	endToEndDelay:vector	1277	1.0250624911603001	0.038638743294	5.215431806273	HumidityMonitoring	
"""hops=2, cl=false"""	#14	endToEndDelay:vector	1289	1.3018832181924849	0.717632991381	3.378613035184	HumidityMonitoring	
"""hops=2, cl=false"""	#18	endToEndDelay:vector	1279	1.192406057709118	0.219887828909	3.430463709571	HumidityMonitoring	
"""hops=2, cl=false"""	#6	endToEndDelay:vector	1282	1.3213179935699633	0.078362415256	12.94436015484	HumidityMonitoring	
"""hops=2, cl=false"""	#16	endToEndDelay:vector	1287	1.1564532722857022	0.484599236625	9.718666760796	HumidityMonitoring	
"""hops=2, cl=false"""	#11	endToEndDelay:vector	1297	1.0711509892012439	0.141424130976	13.696862788568	HumidityMonitoring	
"""hops=2, cl=false"""	#13	endToEndDelay:vector	1276	1.2523346151564838	0.34991063823	3.467500193449	HumidityMonitoring	
"""hops=2, cl=false"""	#12	endToEndDelay:vector	1284	1.1972399444684019	0.287616409587	4.810651964019	HumidityMonitoring	
"""hops=2, cl=false"""	#10	endToEndDelay:vector	1289	1.022905642583878	0.049653423904	13.71211250373	HumidityMonitoring	
"""hops=2, cl=false"""	#7	endToEndDelay:vector	1284	1.0298701765632867	0.190889017764	2.994509416907	HumidityMonitoring	
"""hops=2, cl=false"""	#17	endToEndDelay:vector	1285	0.9868379155615804	0.164814783809	3.010183706076	HumidityMonitoring	
"""hops=2, cl=false"""	#15	endToEndDelay:vector	1289	1.05596136042799	0.175032692513	8.395728468541	HumidityMonitoring	
"""hops=2, cl=false"""	#5	endToEndDelay:vector	1285	0.8857569502924219	0.014185448239	3.393075381898	HumidityMonitoring	
"""hops=2, cl=false"""	#1	endToEndDelay:vector	1278	1.1733134812941057	0.235405483222	3.772217566947	HumidityMonitoring	
"""hops=2, cl=false"""	#2	endToEndDelay:vector	1286	1.255558064768386	0.507609379656	3.258586506502	HumidityMonitoring	
"""hops=3, cl=false"""	#18	endToEndDelay:vector	1287	1.8112234929937763	0.389481697687	13.085961903756	HumidityMonitoring	
"""hops=3, cl=false"""	#15	endToEndDelay:vector	1281	1.4369351190926236	0.300664171216	5.185920835754	HumidityMonitoring	
"""hops=3, cl=false"""	#7	endToEndDelay:vector	1288	1.5138106183891624	0.391533662804	4.801548496649	HumidityMonitoring	
"""hops=3, cl=false"""	#16	endToEndDelay:vector	1290	1.4716521258558717	0.236932576918	4.330112836069	HumidityMonitoring	
"""hops=3, cl=false"""	#13	endToEndDelay:vector	1283	1.5750700710179253	0.155529454422	4.310613610352	HumidityMonitoring	
"""hops=3, cl=false"""	#17	endToEndDelay:vector	1279	1.7326406681342588	0.45867003433	12.778069008095	HumidityMonitoring	
"""hops=3, cl=false"""	#5	endToEndDelay:vector	1281	1.3784115593296102	0.165254187786	3.894449284534	HumidityMonitoring	
"""hops=3, cl=false"""	#10	endToEndDelay:vector	1284	1.7383597746016795	0.33521242516	13.641872403224	HumidityMonitoring	
"""hops=3, cl=false"""	#0	endToEndDelay:vector	1282	1.620679537863779	0.22373145083	3.176202203313	HumidityMonitoring	
"""hops=3, cl=false"""	#2	endToEndDelay:vector	1280	1.7805492710702164	0.309645240782	6.608568915268	HumidityMonitoring	
"""hops=3, cl=false"""	#19	endToEndDelay:vector	1278	1.3595700518880305	0.253204048585	11.279459916718	HumidityMonitoring	
"""hops=3, cl=false"""	#8	endToEndDelay:vector	1278	1.6453242333563387	0.59673349974	13.217449595314	HumidityMonitoring	
"""hops=3, cl=false"""	#4	endToEndDelay:vector	1280	1.4549383837441234	0.230703907425	5.532480886389	HumidityMonitoring	
"""hops=3, cl=false"""	#1	endToEndDelay:vector	1275	1.473016475818783	0.244329707248	3.690308702101	HumidityMonitoring	
"""hops=3, cl=false"""	#9	endToEndDelay:vector	1292	1.6359573811923172	0.302172225424	4.433182934841	HumidityMonitoring	
"""hops=3, cl=false"""	#12	endToEndDelay:vector	1276	1.5496231773022742	0.451022241952	4.821933618203	HumidityMonitoring	
"""hops=3, cl=false"""	#3	endToEndDelay:vector	1285	1.9277764415394658	0.78349411089	14.63779123361	HumidityMonitoring	
"""hops=3, cl=false"""	#6	endToEndDelay:vector	1280	1.5422781813575415	0.388099243653	5.278817766917	HumidityMonitoring	
"""hops=3, cl=false"""	#14	endToEndDelay:vector	1287	1.604776787076985	0.481844784871	4.500591854256	HumidityMonitoring	
"""hops=3, cl=false"""	#11	endToEndDelay:vector	1280	1.5617188454111977	0.625337768915	3.720173472647	HumidityMonitoring	
"""hops=4, cl=false"""	#8	endToEndDelay:vector	1292	2.0194476394410543	0.764270503054	14.128880780976	HumidityMonitoring	
"""hops=4, cl=false"""	#11	endToEndDelay:vector	1284	2.0709424147541675	0.54156995528	11.354430114985	HumidityMonitoring	
"""hops=4, cl=false"""	#14	endToEndDelay:vector	1277	1.9724653209332221	0.248803781529	4.369276542046	HumidityMonitoring	
"""hops=4, cl=false"""	#13	endToEndDelay:vector	1280	2.059737159359747	0.331169638579	4.992996761586	HumidityMonitoring	
"""hops=4, cl=false"""	#3	endToEndDelay:vector	1290	2.1682761563652937	0.55594009889	5.628414776148	HumidityMonitoring	
"""hops=4, cl=false"""	#0	endToEndDelay:vector	1283	1.6173546730389368	0.497448106702	4.323346619456	HumidityMonitoring	
"""hops=4, cl=false"""	#1	endToEndDelay:vector	1281	1.7862736483691513	0.205464377861	10.212590483535	HumidityMonitoring	
"""hops=4, cl=false"""	#17	endToEndDelay:vector	1277	1.9378255125417911	0.305227312139	7.723029815155	HumidityMonitoring	
"""hops=4, cl=false"""	#12	endToEndDelay:vector	1281	1.545134523161609	0.226596922331	6.086370073351	HumidityMonitoring	
"""hops=4, cl=false"""	#10	endToEndDelay:vector	1277	2.0996264842862273	0.553487880282	5.763173361731	HumidityMonitoring	
"""hops=4, cl=false"""	#7	endToEndDelay:vector	1286	2.2727839937854495	0.487211109604	9.249731281539	HumidityMonitoring	
"""hops=4, cl=false"""	#19	endToEndDelay:vector	1280	2.1951564260415886	0.109650045727	4.671980776531	HumidityMonitoring	
"""hops=4, cl=false"""	#16	endToEndDelay:vector	1282	2.2918460747164686	0.934718140641	4.950979148408	HumidityMonitoring	
"""hops=4, cl=false"""	#5	endToEndDelay:vector	1280	1.9997745069073751	0.360469477117	5.354555021404	HumidityMonitoring	
"""hops=4, cl=false"""	#9	endToEndDelay:vector	1283	2.1448492903381435	0.397565972107	8.296558076382	HumidityMonitoring	
"""hops=4, cl=false"""	#15	endToEndDelay:vector	1283	1.9744820498167162	0.691258801754	4.25589166021	HumidityMonitoring	
"""hops=4, cl=false"""	#6	endToEndDelay:vector	1281	1.883036332446593	0.395430973574	9.091139547095	HumidityMonitoring	
"""hops=4, cl=false"""	#18	endToEndDelay:vector	1274	1.9492973779075935	0.75159989772	4.130064543181	HumidityMonitoring	
"""hops=4, cl=false"""	#2	endToEndDelay:vector	1281	2.3170395877136576	0.99357679566	4.85881597274	HumidityMonitoring	
"""hops=4, cl=false"""	#4	endToEndDelay:vector	1285	2.3004874703279192	0.827182691389	3.95505559948	HumidityMonitoring	
"""hops=5, cl=false"""	#1	endToEndDelay:vector	1275	2.6509711031222256	0.823145920553	5.627180859976	HumidityMonitoring	
"""hops=5, cl=false"""	#3	endToEndDelay:vector	1283	2.397507382296685	0.815433495729	6.544284215508	HumidityMonitoring	
"""hops=5, cl=false"""	#18	endToEndDelay:vector	1285	3.0370537600073626	1.285048691069	14.844271440557	HumidityMonitoring	
"""hops=5, cl=false"""	#4	endToEndDelay:vector	1288	2.140902503387415	0.469562895772	12.74610267858	HumidityMonitoring	
"""hops=5, cl=false"""	#11	endToEndDelay:vector	1280	2.3493107520948358	0.67059830317	5.295248109446	HumidityMonitoring	
"""hops=5, cl=false"""	#13	endToEndDelay:vector	1278	2.5934115442850794	0.723669819751	7.624239353163	HumidityMonitoring	
"""hops=5, cl=false"""	#12	endToEndDelay:vector	1284	2.458475874170458	0.614445844321	4.780654310268	HumidityMonitoring	
"""hops=5, cl=false"""	#2	endToEndDelay:vector	1283	2.3810733379599527	0.946333361431	5.041549764545	HumidityMonitoring	
"""hops=5, cl=false"""	#5	endToEndDelay:vector	1287	2.574136959346717	0.741881824416	5.971083803954	HumidityMonitoring	
"""hops=5, cl=false"""	#8	endToEndDelay:vector	1267	2.8913801754054105	1.158918974797	9.354087935452	HumidityMonitoring	
"""hops=5, cl=false"""	#17	endToEndDelay:vector	1284	2.7170823909768727	0.914765933484	5.20844951125	HumidityMonitoring	
"""hops=5, cl=false"""	#0	endToEndDelay:vector	1286	2.3369210439601127	0.517682713127	5.37466478844	HumidityMonitoring	
"""hops=5, cl=false"""	#19	endToEndDelay:vector	1285	2.282355392525449	0.443774347539	5.121450107573	HumidityMonitoring	
"""hops=5, cl=false"""	#9	endToEndDelay:vector	1283	2.5327577866381406	0.579019511025	5.104845632981	HumidityMonitoring	
"""hops=5, cl=false"""	#15	endToEndDelay:vector	1275	2.563359688113871	0.841948249964	6.084738080085	HumidityMonitoring	
"""hops=5, cl=false"""	#14	endToEndDelay:vector	1284	2.8292041217515527	0.486646798893	6.047311426164	HumidityMonitoring	
"""hops=5, cl=false"""	#6	endToEndDelay:vector	1288	2.241562653385597	0.682769864783	5.342095315344	HumidityMonitoring	
"""hops=5, cl=false"""	#7	endToEndDelay:vector	1276	2.615410476976131	0.789279462623	4.987890471554	HumidityMonitoring	
"""hops=5, cl=false"""	#10	endToEndDelay:vector	1293	2.699414367989731	0.543963083116	12.586617725242	HumidityMonitoring	
"""hops=5, cl=false"""	#16	endToEndDelay:vector	1288	2.470937004347102	0.642305096906	5.436375321628	HumidityMonitoring	
"""hops=6, cl=false"""	#12	endToEndDelay:vector	1288	3.089005028227423	0.815820662566	7.982731812904	HumidityMonitoring	
"""hops=6, cl=false"""	#17	endToEndDelay:vector	1293	2.561338627637476	0.294117145687	5.658133970844	HumidityMonitoring	
"""hops=6, cl=false"""	#5	endToEndDelay:vector	1289	3.188641547976523	1.269163805116	6.659262836032	HumidityMonitoring	
"""hops=6, cl=false"""	#7	endToEndDelay:vector	1285	3.077805098188789	1.415888465039	12.547847152657	HumidityMonitoring	
"""hops=6, cl=false"""	#3	endToEndDelay:vector	1282	2.9948478639291958	0.670460838097	6.568065916204	HumidityMonitoring	
"""hops=6, cl=false"""	#16	endToEndDelay:vector	1282	2.775873016289176	0.704065664629	6.545077558548	HumidityMonitoring	
"""hops=6, cl=false"""	#6	endToEndDelay:vector	1281	2.9099720344367537	0.588029513884	6.888408867956	HumidityMonitoring	
"""hops=6, cl=false"""	#11	endToEndDelay:vector	1289	3.2704208541862507	1.419477386551	15.53383099936	HumidityMonitoring	
"""hops=6, cl=false"""	#15	endToEndDelay:vector	1283	3.3072392458226756	0.927938947715	15.27097518322	HumidityMonitoring	
"""hops=6, cl=false"""	#13	endToEndDelay:vector	1278	2.9728479874400313	1.44754792417	7.569523545737	HumidityMonitoring	
"""hops=6, cl=false"""	#14	endToEndDelay:vector	1286	2.820719381040707	0.893566434347	6.791678252056	HumidityMonitoring	
"""hops=6, cl=false"""	#9	endToEndDelay:vector	1283	3.0391016259933576	1.158125654759	6.325992931404	HumidityMonitoring	
"""hops=6, cl=false"""	#4	endToEndDelay:vector	1287	2.931711166773189	1.016969804514	6.392726314413	HumidityMonitoring	
"""hops=6, cl=false"""	#2	endToEndDelay:vector	1279	3.0095486557181523	1.07977645576	6.159827543571	HumidityMonitoring	
"""hops=6, cl=false"""	#1	endToEndDelay:vector	1292	2.5590266057931625	0.705801079439	5.23044763689	HumidityMonitoring	
"""hops=6, cl=false"""	#18	endToEndDelay:vector	1283	3.1225802908786044	1.140796542526	6.021372907201	HumidityMonitoring	
"""hops=6, cl=false"""	#0	endToEndDelay:vector	1286	2.703258664041185	0.704001810495	15.755097589819	HumidityMonitoring	
"""hops=6, cl=false"""	#8	endToEndDelay:vector	1279	2.963023307696206	0.951995446004	17.406961722724	HumidityMonitoring	
"""hops=6, cl=false"""	#19	endToEndDelay:vector	1278	3.112908078466236	1.014926834743	6.990027124279	HumidityMonitoring	
"""hops=6, cl=false"""	#10	endToEndDelay:vector	1279	2.9756198704347767	0.863369861859	5.771159704476	HumidityMonitoring	
"""hops=7, cl=false"""	#12	endToEndDelay:vector	1282	3.695714898509571	1.385482206327	7.623672959376	HumidityMonitoring	
"""hops=7, cl=false"""	#5	endToEndDelay:vector	1277	2.9728905629262368	0.914771661609	7.299333378198	HumidityMonitoring	
"""hops=7, cl=false"""	#1	endToEndDelay:vector	1288	3.1049264847162354	0.52384064724	7.010982776431	HumidityMonitoring	
"""hops=7, cl=false"""	#13	endToEndDelay:vector	1282	3.026289833658242	0.658867998341	15.46649541178	HumidityMonitoring	
"""hops=7, cl=false"""	#7	endToEndDelay:vector	1277	3.55865729887894	1.164498062984	15.860513298374	HumidityMonitoring	
"""hops=7, cl=false"""	#15	endToEndDelay:vector	1279	3.303519470599644	1.087477675719	7.018926868262	HumidityMonitoring	
"""hops=7, cl=false"""	#8	endToEndDelay:vector	1284	3.2172449007195514	0.546347222839	7.408070148787	HumidityMonitoring	
"""hops=7, cl=false"""	#4	endToEndDelay:vector	1284	3.560225573810931	1.028085629546	6.89809049711	HumidityMonitoring	
"""hops=7, cl=false"""	#3	endToEndDelay:vector	1279	3.3455845288247525	1.181814288863	7.706628122563	HumidityMonitoring	
"""hops=7, cl=false"""	#0	endToEndDelay:vector	1286	3.7681501493684832	1.090823451906	6.398806295059	HumidityMonitoring	
"""hops=7, cl=false"""	#10	endToEndDelay:vector	1284	2.887309252764393	1.013732935931	17.873163402295	HumidityMonitoring	
"""hops=7, cl=false"""	#19	endToEndDelay:vector	1282	3.2659148155310103	1.336503758888	13.236308290426	HumidityMonitoring	
"""hops=7, cl=false"""	#9	endToEndDelay:vector	1282	3.089961362138384	1.080110155543	6.660880996882	HumidityMonitoring	
"""hops=7, cl=false"""	#14	endToEndDelay:vector	1289	3.417009079939872	1.409631217564	6.869803806536	HumidityMonitoring	
"""hops=7, cl=false"""	#11	endToEndDelay:vector	1276	3.119861169825948	0.988992858919	13.436934960423	HumidityMonitoring	
"""hops=7, cl=false"""	#2	endToEndDelay:vector	1284	3.208165027865927	0.600843988783	7.963752193126	HumidityMonitoring	
"""hops=7, cl=false"""	#18	endToEndDelay:vector	1281	2.7967037390386884	0.287349932842	6.275440278198	HumidityMonitoring	
"""hops=7, cl=false"""	#6	endToEndDelay:vector	1285	3.2639625421804253	0.828370470647	6.079164292493	HumidityMonitoring	
"""hops=7, cl=false"""	#16	endToEndDelay:vector	1275	3.403708013054582	1.265595895736	6.260479809285	HumidityMonitoring	
"""hops=7, cl=false"""	#17	endToEndDelay:vector	1289	3.018895368169746	0.86059583008	6.476039053025	HumidityMonitoring	
"""hops=8, cl=false"""	#17	endToEndDelay:vector	1282	3.6013035717287765	0.987931179256	7.12264382151	HumidityMonitoring	
"""hops=8, cl=false"""	#10	endToEndDelay:vector	1290	3.8240696388910242	1.394238658397	7.578043577793	HumidityMonitoring	
"""hops=8, cl=false"""	#9	endToEndDelay:vector	1281	3.6368370690570075	1.265143703445	6.746827706481	HumidityMonitoring	
"""hops=8, cl=false"""	#2	endToEndDelay:vector	1281	3.5322427885754575	0.985485786272	14.863034540036	HumidityMonitoring	
"""hops=8, cl=false"""	#3	endToEndDelay:vector	1284	4.019050240589478	1.380640627318	6.298355644753	HumidityMonitoring	
"""hops=8, cl=false"""	#6	endToEndDelay:vector	1278	3.683977679632713	1.108214590975	7.587443032785	HumidityMonitoring	
"""hops=8, cl=false"""	#14	endToEndDelay:vector	1280	3.3123210881339262	1.419079591444	9.093784209165	HumidityMonitoring	
"""hops=8, cl=false"""	#7	endToEndDelay:vector	1289	3.9454296263404776	1.740108760743	7.771246937438	HumidityMonitoring	
"""hops=8, cl=false"""	#1	endToEndDelay:vector	1290	3.6137307306793085	1.220536932826	7.311731806553	HumidityMonitoring	
"""hops=8, cl=false"""	#18	endToEndDelay:vector	1277	3.677991737147642	1.004037031247	8.570523372776	HumidityMonitoring	
"""hops=8, cl=false"""	#5	endToEndDelay:vector	1286	3.8177274379551562	0.484077354426	8.016318552754	HumidityMonitoring	
"""hops=8, cl=false"""	#13	endToEndDelay:vector	1286	4.252404983523554	1.964582072453	7.860247436649	HumidityMonitoring	
"""hops=8, cl=false"""	#15	endToEndDelay:vector	1284	3.908267718442498	1.398076467921	8.005881822406	HumidityMonitoring	
"""hops=8, cl=false"""	#0	endToEndDelay:vector	1291	3.5390978873119283	1.155950582663	6.725861482742	HumidityMonitoring	
"""hops=8, cl=false"""	#19	endToEndDelay:vector	1280	3.5271398925826967	0.911055721258	6.556361018252	HumidityMonitoring	
"""hops=8, cl=false"""	#12	endToEndDelay:vector	1283	3.7739709517721947	0.959944992653	7.231608508175	HumidityMonitoring	
"""hops=8, cl=false"""	#4	endToEndDelay:vector	1288	4.077043047917687	1.51838534007	8.590727888568	HumidityMonitoring	
"""hops=8, cl=false"""	#16	endToEndDelay:vector	1282	3.851676585620334	1.387555720834	8.414035374784	HumidityMonitoring	
"""hops=8, cl=false"""	#11	endToEndDelay:vector	1286	3.80640376582984	0.99666638989	7.202834721467	HumidityMonitoring	
"""hops=8, cl=false"""	#8	endToEndDelay:vector	1286	3.66540658012997	1.238219285674	8.503599589429	HumidityMonitoring	
"""hops=9, cl=false"""	#13	endToEndDelay:vector	1282	3.9263756486585426	1.055287593507	8.498679607465	HumidityMonitoring	
"""hops=9, cl=false"""	#12	endToEndDelay:vector	1285	3.988355673526436	1.839964809439	9.142699819558	HumidityMonitoring	
"""hops=9, cl=false"""	#17	endToEndDelay:vector	1277	3.9701258156422212	0.878872019286	6.98444258844	HumidityMonitoring	
"""hops=9, cl=false"""	#14	endToEndDelay:vector	1283	4.120478448902575	1.513397065763	9.390374096259	HumidityMonitoring	
"""hops=9, cl=false"""	#5	endToEndDelay:vector	1284	4.219042157858093	1.369981745679	9.79344468601	HumidityMonitoring	
"""hops=9, cl=false"""	#2	endToEndDelay:vector	1279	4.241694848117265	1.012965848219	8.393862472336	HumidityMonitoring	
"""hops=9, cl=false"""	#19	endToEndDelay:vector	1278	3.834561543201408	1.969253939837	9.669156256652	HumidityMonitoring	
"""hops=9, cl=false"""	#8	endToEndDelay:vector	1277	4.0411908464005455	1.226844977398	14.708263694246	HumidityMonitoring	
"""hops=9, cl=false"""	#3	endToEndDelay:vector	1280	4.144202388183438	1.606878814505	8.442758969637	HumidityMonitoring	
"""hops=9, cl=false"""	#15	endToEndDelay:vector	1283	4.336419819744376	1.95625500819	10.886627198345	HumidityMonitoring	
"""hops=9, cl=false"""	#10	endToEndDelay:vector	1276	4.339311814300008	1.496585514489	8.16745518241	HumidityMonitoring	
"""hops=9, cl=false"""	#1	endToEndDelay:vector	1285	4.5732159410229425	1.64656632317	9.687033252343	HumidityMonitoring	
"""hops=9, cl=false"""	#9	endToEndDelay:vector	1285	3.9421082805513943	1.132314331296	8.222297514873	HumidityMonitoring	
"""hops=9, cl=false"""	#11	endToEndDelay:vector	1285	4.170492288928265	1.489300855837	28.649146844364	HumidityMonitoring	
"""hops=9, cl=false"""	#4	endToEndDelay:vector	1281	4.326634117092506	0.936187637649	7.41383240142	HumidityMonitoring	
"""hops=9, cl=false"""	#6	endToEndDelay:vector	1286	4.134401018521558	1.535818487607	8.795135748162	HumidityMonitoring	
"""hops=9, cl=false"""	#7	endToEndDelay:vector	1276	3.8771601331667758	1.03497712275	8.678974172706	HumidityMonitoring	
"""hops=9, cl=false"""	#18	endToEndDelay:vector	1286	4.5992053483057	2.11889325658	9.020822389013	HumidityMonitoring	
"""hops=9, cl=false"""	#16	endToEndDelay:vector	1279	4.542676577606303	1.694353310038	10.205224587095	HumidityMonitoring	
"""hops=9, cl=false"""	#0	endToEndDelay:vector	1289	4.091023831169066	1.633634594322	7.36570624047	HumidityMonitoring	
"""hops=10, cl=false"""	#16	endToEndDelay:vector	1279	4.701271681773692	1.758157451894	10.297278977903	HumidityMonitoring	
"""hops=10, cl=false"""	#10	endToEndDelay:vector	1284	4.548694349491122	2.192790615609	8.896705471107	HumidityMonitoring	
"""hops=10, cl=false"""	#3	endToEndDelay:vector	1288	4.7155479554105675	1.860758163643	11.16982588661	HumidityMonitoring	
"""hops=10, cl=false"""	#4	endToEndDelay:vector	1284	4.896070782481045	1.757730796954	10.400211045901	HumidityMonitoring	
"""hops=10, cl=false"""	#13	endToEndDelay:vector	1284	4.762492818697778	1.386171117008	9.838993153433	HumidityMonitoring	
"""hops=10, cl=false"""	#6	endToEndDelay:vector	1283	4.772789748499939	2.114010747183	14.392249301233	HumidityMonitoring	
"""hops=10, cl=false"""	#17	endToEndDelay:vector	1285	4.925728864231559	1.84759213644	12.94300950324	HumidityMonitoring	
"""hops=10, cl=false"""	#5	endToEndDelay:vector	1283	4.88737442287219	1.915896277178	9.219516420848	HumidityMonitoring	
"""hops=10, cl=false"""	#18	endToEndDelay:vector	1285	4.638641713756806	0.954737243382	10.107693374305	HumidityMonitoring	
"""hops=10, cl=false"""	#8	endToEndDelay:vector	1283	4.663825899124184	2.031365250192	8.587063395678	HumidityMonitoring	
"""hops=10, cl=false"""	#0	endToEndDelay:vector	1278	4.439612377245002	1.211169365402	15.268121506543	HumidityMonitoring	
"""hops=10, cl=false"""	#2	endToEndDelay:vector	1276	4.242383182303841	1.197776019846	15.040663622205	HumidityMonitoring	
"""hops=10, cl=false"""	#12	endToEndDelay:vector	1277	4.40761471046094	1.282919077837	11.297994575537	HumidityMonitoring	
"""hops=10, cl=false"""	#19	endToEndDelay:vector	1285	5.045058560588421	2.210804093175	11.20548614727	HumidityMonitoring	
"""hops=10, cl=false"""	#11	endToEndDelay:vector	1284	4.867033327760418	1.535682619266	14.303946831853	HumidityMonitoring	
"""hops=10, cl=false"""	#14	endToEndDelay:vector	1281	4.463223681979696	1.233162472175	19.332689441918	HumidityMonitoring	
"""hops=10, cl=false"""	#9	endToEndDelay:vector	1288	4.709659714528713	1.582142090138	10.252225285486	HumidityMonitoring	
"""hops=10, cl=false"""	#7	endToEndDelay:vector	1283	4.48500032331979	1.733715538561	10.375494843843	HumidityMonitoring	
"""hops=10, cl=false"""	#15	endToEndDelay:vector	1286	4.390996476427247	1.462012544602	10.070779803443	HumidityMonitoring	
"""hops=10, cl=false"""	#1	endToEndDelay:vector	1280	4.067842094724141	1.557672621306	12.563514271181	HumidityMonitoring	
"""hops=10, cl=false"""	#1	endToEndDelay:vector	21359	2.4884906080583846	1.563996843803	10.896632006635	SmokeAlarm	
"""hops=10, cl=false"""	#7	endToEndDelay:vector	21360	2.677059136100116	1.373950761782	11.08094143992	SmokeAlarm	
"""hops=10, cl=false"""	#10	endToEndDelay:vector	21415	3.0090836791103324	1.85439139476	10.886216719105	SmokeAlarm	
"""hops=10, cl=false"""	#0	endToEndDelay:vector	21392	2.637451364392084	1.644071586473	12.517437194993	SmokeAlarm	
"""hops=10, cl=false"""	#17	endToEndDelay:vector	21373	2.215781685202893	1.494246648135	10.138814773495	SmokeAlarm	
"""hops=10, cl=false"""	#11	endToEndDelay:vector	21390	2.4308343573669697	1.324497261852	12.00132922124	SmokeAlarm	
"""hops=10, cl=false"""	#16	endToEndDelay:vector	21337	2.5299571823437184	1.673951020963	9.35934193734	SmokeAlarm	
"""hops=10, cl=false"""	#8	endToEndDelay:vector	21376	2.4094518115030352	1.244026736956	10.228586072834	SmokeAlarm	
"""hops=10, cl=false"""	#19	endToEndDelay:vector	21353	2.334391193362729	1.394001522658	10.405076159729	SmokeAlarm	
"""hops=10, cl=false"""	#9	endToEndDelay:vector	21366	2.23267492015107	1.044200500539	11.965927420928	SmokeAlarm	
"""hops=10, cl=false"""	#13	endToEndDelay:vector	21402	2.583800276631573	1.614242792279	9.714730012697	SmokeAlarm	
"""hops=10, cl=false"""	#18	endToEndDelay:vector	21338	3.256314518796836	2.374003979218	9.854856283563	SmokeAlarm	
"""hops=10, cl=false"""	#2	endToEndDelay:vector	21372	2.868972991333973	1.884758941804	9.858778265481	SmokeAlarm	
"""hops=10, cl=false"""	#14	endToEndDelay:vector	21376	2.16494936216452	1.104151402204	11.494512332704	SmokeAlarm	
"""hops=10, cl=false"""	#3	endToEndDelay:vector	21318	2.723217513484853	1.543945780296	11.005709535721	SmokeAlarm	
"""hops=10, cl=false"""	#15	endToEndDelay:vector	21346	2.7159067388427713	1.863944586358	10.275080475398	SmokeAlarm	
"""hops=10, cl=false"""	#4	endToEndDelay:vector	21405	3.05682234782561	2.40413050377	9.537423302332	SmokeAlarm	
"""hops=10, cl=false"""	#5	endToEndDelay:vector	21324	2.7420103690785167	1.384094055945	9.870422727949	SmokeAlarm	
"""hops=10, cl=false"""	#12	endToEndDelay:vector	21392	2.53368016000926	1.864002268861	9.726701251489	SmokeAlarm	
"""hops=10, cl=false"""	#6	endToEndDelay:vector	21364	2.0266360840118245	1.274017477435	10.701699189563	SmokeAlarm	

	
